image_id,farm_id,crop,kind_type,growth_stage,date_captured,leaf,plant_body,temperature,humidity,co2,light,soil_temp,ec,ph,stem_length,leaf_cnt,leaf_width,leaf_length,stem_thick,fruit_weight
415120,AIF005,딸기,금실,정식기,2021-09-03 09:57:49,1,0.0,22.0,79.0,419,173.0,21.1,,,,,,,,
414702,AIF005,딸기,금실,정식기,2021-08-29 11:46:51,1,0.0,33.0,58.0,385,758.0,,,,,,,,,
417657,AIF005,딸기,금실,정식기,2021-08-27 13:46:51,1,0.0,36.0,49.0,367,488.0,32.3,,,,,,,,
414978,AIF005,딸기,금실,정식기,2021-09-03 09:54:25,1,0.0,22.0,79.0,421,161.0,21.0,,,,,,,,
415451,AIF005,딸기,금실,정식기,2021-09-05 11:46:51,1,0.0,27.0,56.0,413,210.0,25.6,,,,,,,,
414623,AIF005,딸기,금실,정식기,2021-08-28 15:46:51,1,0.0,36.0,37.0,377,129.0,32.6,,,,,,,,
415514,AIF005,딸기,금실,정식기,2021-09-06 08:46:51,1,0.0,24.0,71.0,432,153.0,21.2,,,,,,,,
417826,AIF005,딸기,금실,정식기,2021-09-12 14:46:51,1,0.0,33.0,45.0,381,,,,,,,,,,
420066,AIF005,딸기,금실,출뢰기,2021-09-11 13:46:51,1,0.0,35.0,38.0,388,,,,,,,,,,
414539,AIF005,딸기,금실,정식기,2021-08-28 07:46:51,1,0.0,24.0,81.0,454,97.0,23.5,,,,,,,,
415732,AIF005,딸기,금실,정식기,2021-09-08 17:46:51,1,,30.0,52.0,403,,,,,37.5,7.0,9.0,12.6,11.4,
415474,AIF005,딸기,금실,정식기,2021-09-05 14:46:51,1,0.0,24.0,72.0,412,161.0,25.5,,,,,,,,
415024,AIF005,딸기,금실,정식기,2021-09-03 09:55:18,1,0.0,22.0,79.0,420,157.0,21.0,,,,,,,,
418019,AIF005,딸기,금실,출뢰기,2021-09-14 12:46:51,1,0.0,24.0,74.0,414,,,,,,,,,,
414485,AIF005,딸기,금실,정식기,2021-08-27 15:46:51,0,0.0,33.0,54.0,381,177.0,33.5,,,,,,,,
415294,AIF005,딸기,금실,정식기,2021-09-04 09:46:51,1,0.0,28.0,56.0,409,218.0,22.9,,,,,,,,
417641,AIF005,딸기,금실,정식기,2021-08-27 10:46:51,1,0.0,32.0,58.0,418,601.0,26.0,,,,,,,,
417840,AIF005,딸기,금실,출뢰기,2021-09-12 15:46:51,1,0.0,33.0,42.0,384,,,,,,,,,,
415892,AIF005,딸기,금실,출뢰기,2021-09-10 15:46:51,1,0.0,26.0,63.0,428,,,,,,,,,,
415067,AIF005,딸기,금실,정식기,2021-09-03 09:56:09,1,0.0,22.0,79.0,418,161.0,21.0,,,,,,,,
415663,AIF005,딸기,금실,정식기,2021-09-08 06:46:51,1,,21.0,92.0,508,,,,,38.0,7.0,8.7,13.3,12.8,
414588,AIF005,딸기,금실,정식기,2021-08-28 10:46:51,1,0.0,31.0,55.0,409,298.0,26.4,,,,,,,,
414764,AIF005,딸기,금실,정식기,2021-09-02 16:33:25,1,0.0,23.0,88.0,412,109.0,24.8,,,,,,,,
414208,AIF005,딸기,금실,정식기,2021-10-09 06:31:56,0,0.0,19.0,89.0,477,,,,,,,,,,
412763,AIF005,딸기,금실,정식기,2021-10-11 15:31:56,1,0.0,20.0,82.0,442,,,,,,,,,,
417918,AIF005,딸기,금실,정식기,2021-09-13 14:46:51,1,0.0,29.0,49.0,408,,,,,,,,,,
415703,AIF005,딸기,금실,정식기,2021-09-08 12:46:51,1,,31.0,44.0,396,,,,,43.0,6.0,9.7,12.9,14.9,
415360,AIF005,딸기,금실,정식기,2021-09-04 14:46:51,1,0.0,31.0,47.0,387,246.0,29.4,,,,,,,,
415837,AIF005,딸기,금실,정식기,2021-09-10 07:46:51,1,0.0,21.0,84.0,516,,,,,,,,,,
414176,AIF005,딸기,금실,정식기,2021-10-08 16:31:56,1,0.0,28.0,61.0,441,,,,,,,,,,
415241,AIF005,딸기,금실,정식기,2021-09-03 16:46:51,1,0.0,23.0,79.0,405,121.0,24.4,,,,,,,,
415564,AIF005,딸기,금실,정식기,2021-09-06 15:46:51,1,0.0,25.0,76.0,411,137.0,25.6,,,,,,,,
418054,AIF005,딸기,금실,출뢰기,2021-09-14 17:46:51,1,0.0,23.0,74.0,417,,,,,,,,,,
415689,AIF005,딸기,금실,정식기,2021-09-08 10:46:51,1,,29.0,55.0,420,,,,,43.0,6.0,9.7,12.9,14.9,
417964,AIF005,딸기,금실,출뢰기,2021-09-14 07:46:51,1,0.0,22.0,83.0,447,,,,,,,,,,
415593,AIF005,딸기,금실,정식기,2021-09-07 07:46:51,1,0.0,21.0,89.0,466,,,,,,,,,,
417607,AIF005,딸기,금실,정식기,2021-08-26 18:46:51,1,0.0,29.0,58.0,427,85.0,33.2,,,,,,,,
415317,AIF005,딸기,금실,정식기,2021-09-04 13:46:51,1,0.0,32.0,44.0,377,673.0,28.4,,,,,,,,
415747,AIF005,딸기,금실,정식기,2021-09-09 07:46:51,1,0.0,22.0,82.0,507,,,,,,,,,,
418146,AIF005,딸기,금실,출뢰기,2021-09-15 14:46:51,1,,22.0,80.0,439,,,,,43.0,7.0,10.4,13.3,14.9,
415481,AIF005,딸기,금실,정식기,2021-09-05 15:46:51,1,0.0,24.0,74.0,411,153.0,25.0,,,,,,,,
412651,AIF005,딸기,금실,정식기,2021-10-10 17:31:56,1,0.0,28.0,65.0,431,,,,,,,,,,
414870,AIF005,딸기,금실,정식기,2021-09-03 09:44:12,1,0.0,23.0,77.0,415,165.0,20.9,,,,,,,,
415614,AIF005,딸기,금실,정식기,2021-09-07 11:46:51,1,0.0,26.0,71.0,424,,,,,,,,,,
412581,AIF005,딸기,금실,정식기,2021-10-10 10:31:56,1,0.0,30.0,55.0,429,,,,,,,,,,
414793,AIF005,딸기,금실,정식기,2021-09-02 17:03:07,1,0.0,23.0,88.0,426,117.0,24.6,,,,,,,,
417708,AIF005,딸기,금실,출뢰기,2021-09-11 15:46:51,1,0.0,35.0,39.0,387,,,,,,,,,,
418107,AIF005,딸기,금실,출뢰기,2021-09-15 08:46:51,1,,22.0,80.0,439,,,,,43.0,7.0,10.4,13.3,14.9,
414601,AIF005,딸기,금실,정식기,2021-08-28 12:46:51,1,0.0,33.0,43.0,378,298.0,29.0,,,,,,,,
420400,AIF005,딸기,금실,정식기,2021-09-02 17:33:31,1,0.0,23.0,90.0,419,97.0,24.4,,,,,,,,
420115,AIF005,딸기,금실,출뢰기,2021-09-11 06:46:51,0,0.0,20.0,82.0,499,,,,,,,,,,
414763,AIF005,딸기,금실,정식기,2021-09-02 16:33:25,1,0.0,23.0,88.0,412,109.0,24.8,,,,,,,,
415871,AIF005,딸기,금실,출뢰기,2021-09-10 12:46:51,1,0.0,25.0,68.0,448,,,,,,,,,,
415141,AIF005,딸기,금실,정식기,2021-09-03 10:46:51,1,0.0,24.0,73.0,409,194.0,21.7,,,,,,,,
415125,AIF005,딸기,금실,정식기,2021-09-03 09:58:13,1,0.0,22.0,79.0,419,173.0,21.1,,,,,,,,
415430,AIF005,딸기,금실,정식기,2021-09-05 08:46:51,1,0.0,25.0,60.0,422,246.0,21.2,,,,,,,,
415563,AIF005,딸기,금실,정식기,2021-09-06 15:46:51,1,0.0,25.0,76.0,411,137.0,25.6,,,,,,,,
414722,AIF005,딸기,금실,정식기,2021-08-29 13:46:51,1,0.0,27.0,77.0,429,89.0,,,,,,,,,
414688,AIF005,딸기,금실,정식기,2021-08-29 09:46:51,1,0.0,28.0,77.0,413,222.0,,,,,,,,,
414667,AIF005,딸기,금실,정식기,2021-08-29 06:46:51,1,0.0,24.0,86.0,534,101.0,,,,,,,,,
415753,AIF005,딸기,금실,정식기,2021-09-09 08:46:51,1,0.0,26.0,67.0,459,,,,,,,,,,
415308,AIF005,딸기,금실,정식기,2021-09-04 12:46:51,1,0.0,30.0,50.0,395,343.0,27.2,,,,,,,,
414879,AIF005,딸기,금실,정식기,2021-09-03 09:44:37,1,0.0,23.0,77.0,415,165.0,20.9,,,,,,,,
417620,AIF005,딸기,금실,정식기,2021-08-27 07:46:51,0,0.0,23.0,86.0,518,93.0,22.4,,,,,,,,
415641,AIF005,딸기,금실,정식기,2021-09-07 15:46:51,1,0.0,25.0,78.0,418,,,,,,,,,,
414316,AIF005,딸기,금실,정식기,2021-10-09 15:31:56,1,0.0,33.0,45.0,395,,,,,,,,,,
417739,AIF005,딸기,금실,정식기,2021-09-12 06:46:51,1,0.0,20.0,83.0,511,,,,,,,,,,
415704,AIF005,딸기,금실,정식기,2021-09-08 12:46:51,1,,31.0,44.0,396,,,,,37.5,7.0,9.0,12.6,11.4,
415535,AIF005,딸기,금실,정식기,2021-09-06 11:46:51,1,0.0,27.0,68.0,409,250.0,24.0,,,,,,,,
417764,AIF005,딸기,금실,출뢰기,2021-09-12 08:46:51,1,0.0,25.0,76.0,474,,,,,,,,,,
415759,AIF005,딸기,금실,출뢰기,2021-09-09 09:46:51,1,0.0,27.0,61.0,432,,,,,,,,,,
414518,AIF005,딸기,금실,정식기,2021-08-28 06:46:51,1,0.0,23.0,83.0,455,93.0,23.0,,,,,,,,
414682,AIF005,딸기,금실,정식기,2021-08-29 08:46:51,1,0.0,27.0,79.0,460,165.0,,,,,,,,,
415551,AIF005,딸기,금실,정식기,2021-09-06 13:46:51,1,0.0,25.0,72.0,420,161.0,25.5,,,,,,,,
415302,AIF005,딸기,금실,정식기,2021-09-04 11:46:51,1,0.0,29.0,51.0,402,306.0,26.3,,,,,,,,
415494,AIF005,딸기,금실,정식기,2021-09-05 17:46:51,1,0.0,23.0,70.0,417,105.0,24.7,,,,,,,,
414913,AIF005,딸기,금실,정식기,2021-09-03 09:51:50,1,0.0,22.0,79.0,417,153.0,21.0,,,,,,,,
414356,AIF005,딸기,금실,정식기,2021-10-10 06:31:56,0,0.0,19.0,90.0,513,,,,,,,,,,
417779,AIF005,딸기,금실,정식기,2021-09-12 10:46:51,1,0.0,30.0,55.0,424,,,,,,,,,,
412847,AIF005,딸기,금실,정식기,2021-10-10 08:31:56,0,0.0,22.0,83.0,494,,,,,,,,,,
241627,AIF005,딸기,금실,정식기,2021-08-26 15:46:51,1,0.0,36.0,41.0,415,173.0,33.6,,,,,,,,
413997,AIF005,딸기,금실,정식기,2021-10-07 15:31:56,0,0.0,28.0,53.0,446,,,,,,,,,,
414053,AIF005,딸기,금실,정식기,2021-10-07 17:31:56,0,0.0,26.0,59.0,0,,,,,,,,,,
417702,AIF005,딸기,금실,정식기,2021-09-11 14:46:51,1,0.0,34.0,40.0,398,,,,,,,,,,
417924,AIF005,딸기,금실,출뢰기,2021-09-13 15:46:51,1,0.0,29.0,50.0,410,,,,,,,,,,
418048,AIF005,딸기,금실,정식기,2021-09-14 16:46:51,1,0.0,23.0,74.0,410,,,,,,,,,,
415380,AIF005,딸기,금실,정식기,2021-09-05 06:46:51,1,0.0,20.0,76.0,465,93.0,19.7,,,,,,,,
417861,AIF005,딸기,금실,출뢰기,2021-09-13 06:46:51,1,0.0,21.0,85.0,506,,,,,,,,,,
415626,AIF005,딸기,금실,정식기,2021-09-07 13:46:51,1,0.0,25.0,76.0,419,,,,,,,,,,
414907,AIF005,딸기,금실,정식기,2021-09-03 09:46:26,1,0.0,23.0,77.0,416,165.0,20.9,,,,,,,,
415683,AIF005,딸기,금실,정식기,2021-09-08 09:46:51,1,,27.0,62.0,440,,,,,37.5,7.0,9.0,12.6,11.4,
414507,AIF005,딸기,금실,정식기,2021-08-27 17:46:51,1,0.0,30.0,69.0,408,133.0,31.5,,,,,,,,
415816,AIF005,딸기,금실,정식기,2021-09-09 16:46:51,1,0.0,30.0,56.0,397,,,,,,,,,,
414157,AIF005,딸기,금실,정식기,2021-10-08 15:31:56,1,0.0,28.0,55.0,433,,,,,,,,,,
417939,AIF005,딸기,금실,정식기,2021-09-13 17:46:51,1,0.0,26.0,57.0,423,,,,,,,,,,
415493,AIF005,딸기,금실,정식기,2021-09-05 17:46:51,1,0.0,23.0,70.0,417,105.0,24.7,,,,,,,,
415359,AIF005,딸기,금실,정식기,2021-09-04 14:46:51,1,0.0,31.0,47.0,387,246.0,29.4,,,,,,,,
415885,AIF005,딸기,금실,출뢰기,2021-09-10 14:46:51,1,0.0,31.0,47.0,436,,,,,,,,,,
414636,AIF005,딸기,금실,정식기,2021-08-28 17:46:51,1,0.0,29.0,65.0,451,109.0,,,,,,,,,
418130,AIF005,딸기,금실,출뢰기,2021-09-15 10:46:51,1,,22.0,80.0,439,,,,,43.0,7.0,10.4,13.3,14.9,
414810,AIF005,딸기,금실,정식기,2021-09-02 17:08:06,1,0.0,23.0,87.0,422,109.0,24.6,,,,,,,,
415647,AIF005,딸기,금실,정식기,2021-09-07 16:46:51,1,0.0,25.0,81.0,424,,,,,,,,,,
415635,AIF005,딸기,금실,정식기,2021-09-07 14:46:51,1,0.0,25.0,78.0,414,,,,,,,,,,
414248,AIF005,딸기,금실,정식기,2021-10-09 10:31:56,1,0.0,32.0,48.0,408,,,,,,,,,,
415190,AIF005,딸기,금실,정식기,2021-09-03 13:46:51,1,0.0,25.0,72.0,407,254.0,24.0,,,,,,,,
415508,AIF005,딸기,금실,정식기,2021-09-06 07:46:51,1,0.0,22.0,76.0,464,101.0,20.1,,,,,,,,
415738,AIF005,딸기,금실,출뢰기,2021-09-09 06:46:51,1,0.0,20.0,85.0,523,,,,,,,,,,
414579,AIF005,딸기,금실,정식기,2021-08-28 09:46:51,1,0.0,28.0,66.0,438,177.0,25.3,,,,,,,,
420095,AIF005,딸기,금실,정식기,2021-09-11 10:46:51,0,0.0,30.0,55.0,430,,,,,,,,,,
418013,AIF005,딸기,금실,정식기,2021-09-14 11:46:51,1,0.0,26.0,70.0,410,,,,,,,,,,
414899,AIF005,딸기,금실,정식기,2021-09-03 09:45:53,1,0.0,23.0,77.0,416,165.0,20.9,,,,,,,,
414715,AIF005,딸기,금실,정식기,2021-08-29 12:46:51,1,0.0,31.0,63.0,390,177.0,,,,,,,,,
415530,AIF005,딸기,금실,정식기,2021-09-06 10:46:51,1,0.0,27.0,66.0,412,238.0,23.1,,,,,,,,
414607,AIF005,딸기,금실,정식기,2021-08-28 13:46:51,1,0.0,36.0,37.0,376,282.0,30.4,,,,,,,,
417882,AIF005,딸기,금실,출뢰기,2021-09-13 09:46:51,1,0.0,27.0,62.0,435,,,,,,,,,,
415153,AIF005,딸기,금실,정식기,2021-09-03 12:46:51,1,0.0,24.0,74.0,407,161.0,23.6,,,,,,,,
415676,AIF005,딸기,금실,정식기,2021-09-08 08:46:51,1,,24.0,82.0,471,,,,,37.5,7.0,9.0,12.6,11.4,
414858,AIF005,딸기,금실,정식기,2021-09-02 17:30:34,1,0.0,23.0,89.0,416,101.0,24.4,,,,,,,,
415119,AIF005,딸기,금실,정식기,2021-09-03 09:57:49,1,0.0,22.0,79.0,419,173.0,21.1,,,,,,,,
420122,AIF005,딸기,금실,정식기,2021-09-06 16:46:51,1,0.0,25.0,78.0,418,129.0,25.2,,,,,,,,
414884,AIF005,딸기,금실,정식기,2021-09-03 09:45:02,1,0.0,23.0,77.0,416,165.0,20.9,,,,,,,,
414492,AIF005,딸기,금실,정식기,2021-08-27 16:46:51,1,0.0,30.0,64.0,399,133.0,33.0,,,,,,,,
415000,AIF005,딸기,금실,정식기,2021-09-03 09:54:51,1,0.0,22.0,79.0,420,157.0,21.0,,,,,,,,
415725,AIF005,딸기,금실,정식기,2021-09-08 15:46:51,1,,30.0,46.0,397,,,,,37.5,7.0,9.0,12.6,11.4,
415542,AIF005,딸기,금실,정식기,2021-09-06 12:46:51,1,0.0,28.0,58.0,412,278.0,24.8,,,,,,,,
414754,AIF005,딸기,금실,정식기,2021-08-29 14:46:51,1,0.0,30.0,66.0,410,181.0,,,,,,,,,
415515,AIF005,딸기,금실,정식기,2021-09-06 08:46:51,1,0.0,24.0,71.0,432,153.0,21.2,,,,,,,,
420067,AIF005,딸기,금실,정식기,2021-09-11 13:46:51,1,0.0,35.0,38.0,388,,,,,,,,,,
414384,AIF005,딸기,금실,정식기,2021-08-27 11:26:47,1,0.0,31.0,63.0,414,270.0,27.9,,,,,,,,
415549,AIF005,딸기,금실,정식기,2021-09-06 13:46:51,1,0.0,25.0,72.0,420,161.0,25.5,,,,,,,,
420088,AIF005,딸기,금실,정식기,2021-09-11 09:46:51,1,0.0,25.0,70.0,451,,,,,,,,,,
417827,AIF005,딸기,금실,출뢰기,2021-09-12 14:46:51,1,0.0,33.0,45.0,381,,,,,,,,,,
414703,AIF005,딸기,금실,정식기,2021-08-29 11:46:51,1,0.0,33.0,58.0,385,758.0,,,,,,,,,
414979,AIF005,딸기,금실,정식기,2021-09-03 09:54:25,1,0.0,22.0,79.0,421,161.0,21.0,,,,,,,,
417656,AIF005,딸기,금실,정식기,2021-08-27 13:46:51,1,0.0,36.0,49.0,367,488.0,32.3,,,,,,,,
414580,AIF005,딸기,금실,정식기,2021-08-28 09:46:51,1,0.0,28.0,66.0,438,177.0,25.3,,,,,,,,
417889,AIF005,딸기,금실,출뢰기,2021-09-13 10:46:51,1,0.0,29.0,51.0,417,,,,,,,,,,
414812,AIF005,딸기,금실,정식기,2021-09-02 17:08:06,1,0.0,23.0,87.0,422,109.0,24.6,,,,,,,,
414541,AIF005,딸기,금실,정식기,2021-08-28 07:46:51,1,0.0,24.0,81.0,454,97.0,23.5,,,,,,,,
415295,AIF005,딸기,금실,정식기,2021-09-04 09:46:51,1,0.0,28.0,56.0,409,218.0,22.9,,,,,,,,
414892,AIF005,딸기,금실,정식기,2021-09-03 09:45:28,0,0.0,23.0,77.0,416,165.0,20.9,,,,,,,,
412616,AIF005,딸기,금실,정식기,2021-10-10 15:31:56,1,0.0,33.0,49.0,405,,,,,,,,,,
414886,AIF005,딸기,금실,정식기,2021-09-03 09:45:02,1,0.0,23.0,77.0,416,165.0,20.9,,,,,,,,
415578,AIF005,딸기,금실,정식기,2021-09-06 17:46:51,1,0.0,24.0,80.0,416,101.0,25.2,,,,,,,,
415002,AIF005,딸기,금실,정식기,2021-09-03 09:54:51,1,0.0,22.0,79.0,420,157.0,21.0,,,,,,,,
417904,AIF005,딸기,금실,정식기,2021-09-13 12:46:51,1,0.0,30.0,49.0,407,,,,,,,,,,
412840,AIF005,딸기,금실,정식기,2021-10-12 15:31:56,1,0.0,17.0,81.0,445,,,,,,,,,,
414644,AIF005,딸기,금실,정식기,2021-08-28 18:46:51,1,0.0,28.0,71.0,433,81.0,,,,,,,,,
415606,AIF005,딸기,금실,정식기,2021-09-07 09:46:51,1,0.0,23.0,78.0,440,,,,,,,,,,
418034,AIF005,딸기,금실,정식기,2021-09-14 14:46:51,1,0.0,23.0,75.0,413,,,,,,,,,,
415256,AIF005,딸기,금실,정식기,2021-09-04 06:46:51,1,0.0,21.0,77.0,462,101.0,19.5,,,,,,,,
414081,AIF005,딸기,금실,정식기,2021-10-08 11:31:56,1,0.0,28.0,62.0,439,,,,,,,,,,
414778,AIF005,딸기,금실,정식기,2021-09-02 16:48:07,1,0.0,23.0,88.0,413,109.0,24.7,,,,,,,,
415836,AIF005,딸기,금실,출뢰기,2021-09-10 07:46:51,1,0.0,21.0,84.0,516,,,,,,,,,,
414717,AIF005,딸기,금실,정식기,2021-08-29 12:46:51,1,0.0,31.0,63.0,390,177.0,,,,,,,,,
415628,AIF005,딸기,금실,정식기,2021-09-07 13:46:51,1,0.0,25.0,76.0,419,,,,,,,,,,
412694,AIF005,딸기,금실,정식기,2021-10-11 10:31:56,1,0.0,21.0,83.0,454,,,,,,,,,,
418147,AIF005,딸기,금실,정식기,2021-09-15 14:46:51,1,,22.0,80.0,439,,,,,26.5,7.0,9.0,12.0,12.0,
417932,AIF005,딸기,금실,정식기,2021-09-13 16:46:51,1,0.0,28.0,53.0,417,,,,,,,,,,
418055,AIF005,딸기,금실,정식기,2021-09-14 17:46:51,1,0.0,23.0,74.0,417,,,,,,,,,,
417965,AIF005,딸기,금실,정식기,2021-09-14 07:46:51,1,0.0,22.0,83.0,447,,,,,,,,,,
414600,AIF005,딸기,금실,정식기,2021-08-28 12:46:51,1,0.0,33.0,43.0,378,298.0,29.0,,,,,,,,
417709,AIF005,딸기,금실,정식기,2021-09-11 15:46:51,1,0.0,35.0,39.0,387,,,,,,,,,,
415857,AIF005,딸기,금실,출뢰기,2021-09-10 10:46:51,1,0.0,24.0,79.0,497,,,,,,,,,,
414263,AIF005,딸기,금실,정식기,2021-10-09 11:31:56,1,0.0,35.0,42.0,400,,,,,,,,,,
415787,AIF005,딸기,금실,출뢰기,2021-09-09 12:46:51,1,0.0,32.0,45.0,392,,,,,,,,,,
414234,AIF005,딸기,금실,정식기,2021-10-09 08:31:56,0,0.0,24.0,75.0,454,,,,,,,,,,
414934,AIF005,딸기,금실,정식기,2021-09-03 09:53:08,1,0.0,22.0,79.0,418,153.0,21.0,,,,,,,,
415075,AIF005,딸기,금실,정식기,2021-09-03 09:56:34,1,0.0,22.0,79.0,418,161.0,21.0,,,,,,,,
415425,AIF005,딸기,금실,정식기,2021-09-05 07:46:51,1,0.0,22.0,76.0,463,109.0,20.1,,,,,,,,
415649,AIF005,딸기,금실,정식기,2021-09-07 16:46:51,1,0.0,25.0,81.0,424,,,,,,,,,,
415718,AIF005,딸기,금실,정식기,2021-09-08 14:46:51,1,,33.0,38.0,386,,,,,37.5,7.0,9.0,12.6,11.4,
417903,AIF005,딸기,금실,출뢰기,2021-09-13 12:46:51,1,0.0,30.0,49.0,407,,,,,,,,,,
414505,AIF005,딸기,금실,정식기,2021-08-27 17:46:51,1,0.0,30.0,69.0,408,133.0,31.5,,,,,,,,
415431,AIF005,딸기,금실,정식기,2021-09-05 08:46:51,1,0.0,25.0,60.0,422,246.0,21.2,,,,,,,,
414856,AIF005,딸기,금실,정식기,2021-09-02 17:30:34,1,0.0,23.0,89.0,416,101.0,24.4,,,,,,,,
418033,AIF005,딸기,금실,출뢰기,2021-09-14 14:46:51,1,0.0,23.0,75.0,413,,,,,,,,,,
417772,AIF005,딸기,금실,정식기,2021-09-12 09:46:51,1,0.0,28.0,59.0,451,,,,,,,,,,
415139,AIF005,딸기,금실,정식기,2021-09-03 10:46:51,1,0.0,24.0,73.0,409,194.0,21.7,,,,,,,,
417621,AIF005,딸기,금실,정식기,2021-08-27 07:46:51,1,0.0,23.0,86.0,518,93.0,22.4,,,,,,,,
420102,AIF005,딸기,금실,정식기,2021-09-11 11:46:51,0,0.0,32.0,49.0,409,,,,,,,,,,
415309,AIF005,딸기,금실,정식기,2021-09-04 12:46:51,1,0.0,30.0,50.0,395,343.0,27.2,,,,,,,,
417738,AIF005,딸기,금실,출뢰기,2021-09-12 06:46:51,1,0.0,20.0,83.0,511,,,,,,,,,,
414609,AIF005,딸기,금실,정식기,2021-08-28 13:46:51,1,0.0,36.0,37.0,376,282.0,30.4,,,,,,,,
415752,AIF005,딸기,금실,출뢰기,2021-09-09 08:46:51,1,0.0,26.0,67.0,459,,,,,,,,,,
414689,AIF005,딸기,금실,정식기,2021-08-29 09:46:51,1,0.0,28.0,77.0,413,222.0,,,,,,,,,
414520,AIF005,딸기,금실,정식기,2021-08-28 06:46:51,1,0.0,23.0,83.0,455,93.0,23.0,,,,,,,,
414905,AIF005,딸기,금실,정식기,2021-09-03 09:46:26,1,0.0,23.0,77.0,416,165.0,20.9,,,,,,,,
414723,AIF005,딸기,금실,정식기,2021-08-29 13:46:51,0,0.0,27.0,77.0,429,89.0,,,,,,,,,
418161,AIF005,딸기,금실,출뢰기,2021-09-15 16:46:51,1,,22.0,80.0,439,,,,,43.0,7.0,10.4,13.3,14.9,
414872,AIF005,딸기,금실,정식기,2021-09-03 09:44:12,1,0.0,23.0,77.0,415,165.0,20.9,,,,,,,,
415133,AIF005,딸기,금실,정식기,2021-09-03 09:58:38,1,0.0,22.0,79.0,419,173.0,21.1,,,,,,,,
420108,AIF005,딸기,금실,출뢰기,2021-09-11 07:46:51,1,0.0,21.0,84.0,491,,,,,,,,,,
418078,AIF005,딸기,금실,정식기,2021-09-15 06:46:51,1,,22.0,80.0,439,,,,,26.5,7.0,9.0,12.0,12.0,
414791,AIF005,딸기,금실,정식기,2021-09-02 17:03:07,1,0.0,23.0,88.0,426,117.0,24.6,,,,,,,,
417732,AIF005,딸기,금실,정식기,2021-09-11 17:46:51,1,0.0,35.0,40.0,391,,,,,,,,,,
415367,AIF005,딸기,금실,정식기,2021-09-04 15:46:51,1,0.0,31.0,48.0,393,246.0,29.4,,,,,,,,
417765,AIF005,딸기,금실,정식기,2021-09-12 08:46:51,1,0.0,25.0,76.0,474,,,,,,,,,,
414519,AIF005,딸기,금실,정식기,2021-08-28 06:46:51,0,0.0,23.0,83.0,455,93.0,23.0,,,,,,,,
415522,AIF005,딸기,금실,정식기,2021-09-06 09:46:51,1,0.0,24.0,69.0,419,173.0,22.3,,,,,,,,
414695,AIF005,딸기,금실,정식기,2021-08-29 10:46:51,1,0.0,30.0,68.0,400,177.0,,,,,,,,,
415591,AIF005,딸기,금실,정식기,2021-09-07 07:46:51,1,0.0,21.0,89.0,466,,,,,,,,,,
414921,AIF005,딸기,금실,정식기,2021-09-03 09:52:16,1,0.0,22.0,79.0,417,153.0,21.0,,,,,,,,
415315,AIF005,딸기,금실,정식기,2021-09-04 13:46:51,1,0.0,32.0,44.0,377,673.0,28.4,,,,,,,,
415745,AIF005,딸기,금실,출뢰기,2021-09-09 07:46:51,1,0.0,22.0,82.0,507,,,,,,,,,,
417778,AIF005,딸기,금실,출뢰기,2021-09-12 10:46:51,1,0.0,30.0,55.0,424,,,,,,,,,,
414912,AIF005,딸기,금실,정식기,2021-09-03 09:51:50,1,0.0,22.0,79.0,417,153.0,21.0,,,,,,,,
420372,AIF005,딸기,금실,정식기,2021-09-03 09:43:46,1,0.0,23.0,78.0,418,165.0,20.9,,,,,,,,
412861,AIF005,딸기,금실,정식기,2021-10-07 11:31:56,0,0.0,30.0,46.0,425,,,,,,,,,,
417925,AIF005,딸기,금실,정식기,2021-09-13 15:46:51,1,0.0,29.0,50.0,410,,,,,,,,,,
414370,AIF005,딸기,금실,정식기,2021-10-10 07:31:56,1,0.0,20.0,88.0,514,,,,,,,,,,
415047,AIF005,딸기,금실,정식기,2021-09-03 09:55:43,1,0.0,22.0,79.0,420,157.0,21.0,,,,,,,,
415627,AIF005,딸기,금실,정식기,2021-09-07 13:46:51,1,0.0,25.0,76.0,419,,,,,,,,,,
415801,AIF005,딸기,금실,출뢰기,2021-09-09 14:46:51,1,0.0,31.0,46.0,395,,,,,,,,,,
417938,AIF005,딸기,금실,출뢰기,2021-09-13 17:46:51,1,0.0,26.0,57.0,423,,,,,,,,,,
415373,AIF005,딸기,금실,정식기,2021-09-04 17:46:51,1,0.0,27.0,60.0,414,121.0,28.8,,,,,,,,
414586,AIF005,딸기,금실,정식기,2021-08-28 10:46:51,1,0.0,31.0,55.0,409,298.0,26.4,,,,,,,,
417876,AIF005,딸기,금실,정식기,2021-09-13 08:46:51,1,0.0,25.0,73.0,456,,,,,,,,,,
415682,AIF005,딸기,금실,정식기,2021-09-08 09:46:51,1,,27.0,62.0,440,,,,,43.0,6.0,9.7,12.9,14.9,
415774,AIF005,딸기,금실,정식기,2021-09-09 11:46:51,1,0.0,29.0,53.0,420,,,,,,,,,,
415127,AIF005,딸기,금실,정식기,2021-09-03 09:58:13,1,0.0,22.0,79.0,419,173.0,21.1,,,,,,,,
415432,AIF005,딸기,금실,정식기,2021-09-05 08:46:51,1,0.0,25.0,60.0,422,246.0,21.2,,,,,,,,
418131,AIF005,딸기,금실,정식기,2021-09-15 10:46:51,1,,22.0,80.0,439,,,,,26.5,7.0,9.0,12.0,12.0,
414811,AIF005,딸기,금실,정식기,2021-09-02 17:08:06,1,0.0,23.0,87.0,422,109.0,24.6,,,,,,,,
414487,AIF005,딸기,금실,정식기,2021-08-27 15:46:51,1,0.0,33.0,54.0,381,177.0,33.5,,,,,,,,
417801,AIF005,딸기,금실,정식기,2021-09-12 12:46:51,1,0.0,33.0,49.0,397,,,,,,,,,,
417627,AIF005,딸기,금실,정식기,2021-08-27 08:46:51,0,0.0,25.0,80.0,507,141.0,23.0,,,,,,,,
415296,AIF005,딸기,금실,정식기,2021-09-04 09:46:51,1,0.0,28.0,56.0,409,218.0,22.9,,,,,,,,
417786,AIF005,딸기,금실,정식기,2021-09-12 11:46:51,1,0.0,31.0,52.0,402,,,,,,,,,,
414595,AIF005,딸기,금실,정식기,2021-08-28 11:46:51,1,0.0,31.0,50.0,405,355.0,27.8,,,,,,,,
415358,AIF005,딸기,금실,정식기,2021-09-04 14:46:51,1,0.0,31.0,47.0,387,246.0,29.4,,,,,,,,
415691,AIF005,딸기,금실,정식기,2021-09-08 10:46:51,1,,29.0,55.0,420,,,,,38.0,7.0,8.7,13.3,12.8,
414215,AIF005,딸기,금실,정식기,2021-10-09 07:31:56,0,0.0,20.0,88.0,473,,,,,,,,,,
412791,AIF005,딸기,금실,정식기,2021-10-12 08:31:56,0,0.0,18.0,88.0,453,,,,,,,,,,
414850,AIF005,딸기,금실,정식기,2021-09-02 17:27:33,1,0.0,23.0,88.0,416,101.0,24.4,,,,,,,,
415437,AIF005,딸기,금실,정식기,2021-09-05 09:46:51,1,0.0,28.0,53.0,414,274.0,22.9,,,,,,,,
415191,AIF005,딸기,금실,정식기,2021-09-03 13:46:51,1,0.0,25.0,72.0,407,254.0,24.0,,,,,,,,
415453,AIF005,딸기,금실,정식기,2021-09-05 11:46:51,1,0.0,27.0,56.0,413,210.0,25.6,,,,,,,,
415516,AIF005,딸기,금실,정식기,2021-09-06 08:46:51,1,0.0,24.0,71.0,432,153.0,21.2,,,,,,,,
414621,AIF005,딸기,금실,정식기,2021-08-28 15:46:51,1,0.0,36.0,37.0,377,129.0,32.6,,,,,,,,
415899,AIF005,딸기,금실,출뢰기,2021-09-10 16:46:51,1,0.0,27.0,61.0,432,,,,,,,,,,
415781,AIF005,딸기,금실,정식기,2021-09-08 16:46:51,1,,30.0,45.0,402,,,,,37.5,7.0,9.0,12.6,11.4,
414669,AIF005,딸기,금실,정식기,2021-08-29 06:46:51,1,0.0,24.0,86.0,534,101.0,,,,,,,,,
415851,AIF005,딸기,금실,정식기,2021-09-10 09:46:51,1,0.0,22.0,87.0,500,,,,,,,,,,
418100,AIF005,딸기,금실,출뢰기,2021-09-15 07:46:51,1,,22.0,80.0,439,,,,,43.0,7.0,10.4,13.3,14.9,
417883,AIF005,딸기,금실,정식기,2021-09-13 09:46:51,1,0.0,27.0,62.0,435,,,,,,,,,,
414898,AIF005,딸기,금실,정식기,2021-09-03 09:45:53,1,0.0,23.0,77.0,416,165.0,20.9,,,,,,,,
418012,AIF005,딸기,금실,출뢰기,2021-09-14 11:46:51,1,0.0,26.0,70.0,410,,,,,,,,,,
414844,AIF005,딸기,금실,정식기,2021-09-02 17:24:40,1,0.0,23.0,88.0,417,97.0,24.4,,,,,,,,
415243,AIF005,딸기,금실,정식기,2021-09-03 16:46:51,1,0.0,23.0,79.0,405,121.0,24.4,,,,,,,,
414297,AIF005,딸기,금실,정식기,2021-10-09 13:31:56,1,0.0,31.0,51.0,417,,,,,,,,,,
415310,AIF005,딸기,금실,정식기,2021-09-04 12:46:51,1,0.0,30.0,50.0,395,343.0,27.2,,,,,,,,
415543,AIF005,딸기,금실,정식기,2021-09-06 12:46:51,1,0.0,28.0,58.0,412,278.0,24.8,,,,,,,,
415740,AIF005,딸기,금실,정식기,2021-09-09 06:46:51,1,0.0,20.0,85.0,523,,,,,,,,,,
415773,AIF005,딸기,금실,출뢰기,2021-09-09 11:46:51,1,0.0,29.0,53.0,420,,,,,,,,,,
414493,AIF005,딸기,금실,정식기,2021-08-27 16:46:51,1,0.0,30.0,64.0,399,133.0,33.0,,,,,,,,
414690,AIF005,딸기,금실,정식기,2021-08-29 09:46:51,1,0.0,28.0,77.0,413,222.0,,,,,,,,,
415118,AIF005,딸기,금실,정식기,2021-09-03 09:57:49,1,0.0,22.0,79.0,419,173.0,21.1,,,,,,,,
420123,AIF005,딸기,금실,정식기,2021-09-06 16:46:51,1,0.0,25.0,78.0,418,129.0,25.2,,,,,,,,
414885,AIF005,딸기,금실,정식기,2021-09-03 09:45:02,1,0.0,23.0,77.0,416,165.0,20.9,,,,,,,,
414106,AIF005,딸기,금실,정식기,2021-10-08 12:31:56,1,0.0,33.0,46.0,412,,,,,,,,,,
415001,AIF005,딸기,금실,정식기,2021-09-03 09:54:51,1,0.0,22.0,79.0,420,157.0,21.0,,,,,,,,
415724,AIF005,딸기,금실,정식기,2021-09-08 15:46:51,1,,30.0,46.0,397,,,,,43.0,6.0,9.7,12.9,14.9,
415619,AIF005,딸기,금실,정식기,2021-09-07 12:46:51,1,0.0,24.0,79.0,421,,,,,,,,,,
414668,AIF005,딸기,금실,정식기,2021-08-29 06:46:51,1,0.0,24.0,86.0,534,101.0,,,,,,,,,
415422,AIF005,딸기,금실,정식기,2021-09-04 08:46:51,1,0.0,24.0,70.0,423,226.0,21.2,,,,,,,,
415242,AIF005,딸기,금실,정식기,2021-09-03 16:46:51,0,0.0,23.0,79.0,405,121.0,24.4,,,,,,,,
418020,AIF005,딸기,금실,정식기,2021-09-14 12:46:51,1,0.0,24.0,74.0,414,,,,,,,,,,
412784,AIF005,딸기,금실,정식기,2021-10-12 07:31:56,0,0.0,18.0,90.0,462,,,,,,,,,,
417855,AIF005,딸기,금실,정식기,2021-09-12 17:46:51,1,0.0,29.0,59.0,413,,,,,,,,,,
414980,AIF005,딸기,금실,정식기,2021-09-03 09:54:25,1,0.0,22.0,79.0,421,161.0,21.0,,,,,,,,
415822,AIF005,딸기,금실,출뢰기,2021-09-09 17:46:51,1,0.0,28.0,53.0,420,,,,,,,,,,
420399,AIF005,딸기,금실,정식기,2021-09-02 17:33:31,1,0.0,23.0,90.0,419,97.0,24.4,,,,,,,,
414629,AIF005,딸기,금실,정식기,2021-08-28 16:46:51,1,0.0,31.0,55.0,391,121.0,,,,,,,,,
414941,AIF005,딸기,금실,정식기,2021-09-03 09:53:34,1,0.0,22.0,79.0,418,153.0,21.0,,,,,,,,
414486,AIF005,딸기,금실,정식기,2021-08-27 15:46:51,1,0.0,33.0,54.0,381,177.0,33.5,,,,,,,,
415731,AIF005,딸기,금실,정식기,2021-09-08 17:46:51,1,,30.0,52.0,403,,,,,43.0,6.0,9.7,12.9,14.9,
414113,AIF005,딸기,금실,정식기,2021-10-08 13:31:56,1,0.0,31.0,50.0,412,,,,,,,,,,
415501,AIF005,딸기,금실,정식기,2021-09-06 06:46:51,1,0.0,20.0,75.0,469,89.0,19.6,,,,,,,,
417642,AIF005,딸기,금실,정식기,2021-08-27 10:46:51,1,0.0,32.0,58.0,418,601.0,26.0,,,,,,,,
414594,AIF005,딸기,금실,정식기,2021-08-28 11:46:51,1,0.0,31.0,50.0,405,355.0,27.8,,,,,,,,
414282,AIF005,딸기,금실,정식기,2021-10-09 12:31:56,0,0.0,34.0,42.0,392,,,,,,,,,,
418108,AIF005,딸기,금실,정식기,2021-09-15 08:46:51,1,,22.0,80.0,439,,,,,26.5,7.0,9.0,12.0,12.0,
415690,AIF005,딸기,금실,정식기,2021-09-08 10:46:51,1,,29.0,55.0,420,,,,,37.5,7.0,9.0,12.6,11.4,
415766,AIF005,딸기,금실,출뢰기,2021-09-09 10:46:51,1,0.0,29.0,52.0,418,,,,,,,,,,
418154,AIF005,딸기,금실,출뢰기,2021-09-15 15:46:51,1,,22.0,80.0,439,,,,,43.0,7.0,10.4,13.3,14.9,
417584,AIF005,딸기,금실,정식기,2021-08-26 16:46:51,1,0.0,35.0,45.0,406,165.0,34.0,,,,,,,,
414914,AIF005,딸기,금실,정식기,2021-09-03 09:51:50,1,0.0,22.0,79.0,417,153.0,21.0,,,,,,,,
418142,AIF005,딸기,금실,출뢰기,2021-09-15 13:46:51,1,,22.0,80.0,439,,,,,43.0,7.0,10.4,13.3,14.9,
414851,AIF005,딸기,금실,정식기,2021-09-02 17:27:33,1,0.0,23.0,88.0,416,101.0,24.4,,,,,,,,
412602,AIF005,딸기,금실,정식기,2021-10-10 13:31:56,1,0.0,33.0,47.0,422,,,,,,,,,,
417746,AIF005,딸기,금실,정식기,2021-09-12 07:46:51,1,0.0,22.0,82.0,494,,,,,,,,,,
415082,AIF005,딸기,금실,정식기,2021-09-03 09:56:59,1,0.0,22.0,79.0,418,169.0,21.1,,,,,,,,
414835,AIF005,딸기,금실,정식기,2021-09-02 17:10:56,1,0.0,23.0,88.0,421,109.0,24.6,,,,,,,,
415452,AIF005,딸기,금실,정식기,2021-09-05 11:46:51,1,0.0,27.0,56.0,413,210.0,25.6,,,,,,,,
415147,AIF005,딸기,금실,정식기,2021-09-03 11:46:51,1,0.0,26.0,67.0,411,294.0,22.6,,,,,,,,
415844,AIF005,딸기,금실,정식기,2021-09-10 08:46:51,1,0.0,22.0,87.0,514,,,,,,,,,,
414842,AIF005,딸기,금실,정식기,2021-09-02 17:24:40,1,0.0,23.0,88.0,417,97.0,24.4,,,,,,,,
414037,AIF005,딸기,금실,정식기,2021-10-07 16:31:56,0,0.0,29.0,52.0,439,,,,,,,,,,
417917,AIF005,딸기,금실,출뢰기,2021-09-13 14:46:51,1,0.0,29.0,49.0,408,,,,,,,,,,
415479,AIF005,딸기,금실,정식기,2021-09-05 15:46:51,1,0.0,24.0,74.0,411,153.0,25.0,,,,,,,,
414349,AIF005,딸기,금실,정식기,2021-10-09 09:31:56,1,0.0,29.0,58.0,435,,,,,,,,,,
415584,AIF005,딸기,금실,정식기,2021-09-07 06:46:51,1,0.0,21.0,89.0,466,,,,,,,,,,
415558,AIF005,딸기,금실,정식기,2021-09-06 14:46:51,1,0.0,27.0,68.0,415,198.0,25.6,,,,,,,,
415654,AIF005,딸기,금실,정식기,2021-09-07 17:46:51,1,0.0,25.0,85.0,432,,,,,,,,,,
415872,AIF005,딸기,금실,정식기,2021-09-10 12:46:51,1,0.0,25.0,68.0,448,,,,,,,,,,
414449,AIF005,딸기,금실,정식기,2021-08-27 14:46:51,1,0.0,35.0,49.0,375,290.0,33.4,,,,,,,,
420116,AIF005,딸기,금실,정식기,2021-09-11 06:46:51,1,0.0,20.0,82.0,499,,,,,,,,,,
415126,AIF005,딸기,금실,정식기,2021-09-03 09:58:13,1,0.0,22.0,79.0,419,173.0,21.1,,,,,,,,
414784,AIF005,딸기,금실,정식기,2021-09-02 16:57:52,1,0.0,23.0,89.0,420,117.0,24.7,,,,,,,,
415098,AIF005,딸기,금실,정식기,2021-09-03 09:57:24,1,0.0,22.0,79.0,418,169.0,21.1,,,,,,,,
417868,AIF005,딸기,금실,출뢰기,2021-09-13 07:46:51,1,0.0,22.0,83.0,489,,,,,,,,,,
418041,AIF005,딸기,금실,정식기,2021-09-14 15:46:51,1,0.0,23.0,74.0,412,,,,,,,,,,
415366,AIF005,딸기,금실,정식기,2021-09-04 15:46:51,1,0.0,31.0,48.0,393,246.0,29.4,,,,,,,,
415235,AIF005,딸기,금실,정식기,2021-09-03 15:46:51,1,0.0,24.0,77.0,408,145.0,24.4,,,,,,,,
414614,AIF005,딸기,금실,정식기,2021-08-28 14:46:51,1,0.0,40.0,32.0,373,302.0,31.7,,,,,,,,
415906,AIF005,딸기,금실,출뢰기,2021-09-10 17:46:51,1,0.0,26.0,63.0,432,,,,,,,,,,
415523,AIF005,딸기,금실,정식기,2021-09-06 09:46:51,1,0.0,24.0,69.0,419,173.0,22.3,,,,,,,,
414920,AIF005,딸기,금실,정식기,2021-09-03 09:52:16,1,0.0,22.0,79.0,417,153.0,21.0,,,,,,,,
415263,AIF005,딸기,금실,정식기,2021-09-04 07:46:51,1,0.0,22.0,76.0,459,109.0,20.2,,,,,,,,
415719,AIF005,딸기,금실,정식기,2021-09-08 14:46:51,1,,33.0,38.0,386,,,,,38.0,7.0,8.7,13.3,12.8,
412658,AIF005,딸기,금실,정식기,2021-10-11 07:31:56,1,0.0,22.0,89.0,465,,,,,,,,,,
415467,AIF005,딸기,금실,정식기,2021-09-05 13:46:51,1,0.0,25.0,67.0,408,161.0,26.0,,,,,,,,
415488,AIF005,딸기,금실,정식기,2021-09-05 16:46:51,1,0.0,24.0,75.0,410,129.0,24.7,,,,,,,,
417989,AIF005,딸기,금실,정식기,2021-09-14 08:46:51,1,0.0,23.0,81.0,437,,,,,,,,,,
414630,AIF005,딸기,금실,정식기,2021-08-28 16:46:51,1,0.0,31.0,55.0,391,121.0,,,,,,,,,
412588,AIF005,딸기,금실,정식기,2021-10-10 11:31:56,1,0.0,32.0,52.0,433,,,,,,,,,,
417613,AIF005,딸기,금실,정식기,2021-08-27 06:46:51,1,0.0,22.0,86.0,524,97.0,21.8,,,,,,,,
415760,AIF005,딸기,금실,정식기,2021-09-09 09:46:51,1,0.0,27.0,61.0,432,,,,,,,,,,
415696,AIF005,딸기,금실,정식기,2021-09-08 11:46:51,1,,30.0,52.0,409,,,,,43.0,6.0,9.7,12.9,14.9,
414608,AIF005,딸기,금실,정식기,2021-08-28 13:46:51,1,0.0,36.0,37.0,376,282.0,30.4,,,,,,,,
417701,AIF005,딸기,금실,출뢰기,2021-09-11 14:46:51,1,0.0,34.0,40.0,398,,,,,,,,,,
417862,AIF005,딸기,금실,정식기,2021-09-13 06:46:51,1,0.0,21.0,85.0,506,,,,,,,,,,
415148,AIF005,딸기,금실,정식기,2021-09-03 11:46:51,1,0.0,26.0,67.0,411,294.0,22.6,,,,,,,,
415878,AIF005,딸기,금실,출뢰기,2021-09-10 13:46:51,1,0.0,28.0,57.0,441,,,,,,,,,,
414020,AIF005,딸기,금실,정식기,2021-10-07 14:31:56,0,0.0,28.0,52.0,453,,,,,,,,,,
414382,AIF005,딸기,금실,정식기,2021-08-27 11:26:47,0,0.0,31.0,63.0,414,270.0,27.9,,,,,,,,
412770,AIF005,딸기,금실,정식기,2021-10-11 16:31:56,0,0.0,19.0,85.0,451,,,,,,,,,,
417957,AIF005,딸기,금실,출뢰기,2021-09-14 06:46:51,1,0.0,21.0,81.0,446,,,,,,,,,,
412635,AIF005,딸기,금실,정식기,2021-10-10 16:31:56,1,0.0,28.0,65.0,428,,,,,,,,,,
415236,AIF005,딸기,금실,정식기,2021-09-03 15:46:51,1,0.0,24.0,77.0,408,145.0,24.4,,,,,,,,
415710,AIF005,딸기,금실,정식기,2021-09-08 13:46:51,1,,32.0,43.0,393,,,,,43.0,6.0,9.7,12.9,14.9,
414681,AIF005,딸기,금실,정식기,2021-08-29 08:46:51,1,0.0,27.0,79.0,460,165.0,,,,,,,,,
34580,AIF005,딸기,금실,정식기,2021-08-26 15:46:51,1,0.0,36.0,41.0,415,173.0,33.6,,,,,,,,
415536,AIF005,딸기,금실,정식기,2021-09-06 11:46:51,1,0.0,27.0,68.0,409,250.0,24.0,,,,,,,,
415865,AIF005,딸기,금실,정식기,2021-09-10 11:46:51,1,0.0,24.0,75.0,452,,,,,,,,,,
418134,AIF005,딸기,금실,출뢰기,2021-09-15 11:46:51,1,,22.0,80.0,439,,,,,43.0,7.0,10.4,13.3,14.9,
415023,AIF005,딸기,금실,정식기,2021-09-03 09:55:18,1,0.0,22.0,79.0,420,157.0,21.0,,,,,,,,
415473,AIF005,딸기,금실,정식기,2021-09-05 14:46:51,1,0.0,24.0,72.0,412,161.0,25.5,,,,,,,,
415648,AIF005,딸기,금실,정식기,2021-09-07 16:46:51,1,0.0,25.0,81.0,424,,,,,,,,,,
418026,AIF005,딸기,금실,출뢰기,2021-09-14 13:46:51,1,0.0,23.0,77.0,408,,,,,,,,,,
414942,AIF005,딸기,금실,정식기,2021-09-03 09:53:34,1,0.0,22.0,79.0,418,153.0,21.0,,,,,,,,
414971,AIF005,딸기,금실,정식기,2021-09-03 09:54:00,1,0.0,22.0,79.0,421,161.0,21.0,,,,,,,,
415795,AIF005,딸기,금실,정식기,2021-09-09 13:46:51,1,0.0,33.0,42.0,380,,,,,,,,,,
415579,AIF005,딸기,금실,정식기,2021-09-06 17:46:51,1,0.0,24.0,80.0,416,101.0,25.2,,,,,,,,
415257,AIF005,딸기,금실,정식기,2021-09-04 06:46:51,1,0.0,21.0,77.0,462,101.0,19.5,,,,,,,,
415607,AIF005,딸기,금실,정식기,2021-09-07 09:46:51,1,0.0,23.0,78.0,440,,,,,,,,,,
420080,AIF005,딸기,금실,출뢰기,2021-09-11 08:46:51,1,0.0,23.0,78.0,472,,,,,,,,,,
415458,AIF005,딸기,금실,정식기,2021-09-05 12:46:51,1,0.0,27.0,61.0,410,218.0,26.0,,,,,,,,
415754,AIF005,딸기,금실,정식기,2021-09-09 08:46:51,1,0.0,26.0,67.0,459,,,,,,,,,,
415557,AIF005,딸기,금실,정식기,2021-09-06 14:46:51,1,0.0,27.0,68.0,415,198.0,25.6,,,,,,,,
414716,AIF005,딸기,금실,정식기,2021-08-29 12:46:51,1,0.0,31.0,63.0,390,177.0,,,,,,,,,
417839,AIF005,딸기,금실,정식기,2021-09-12 15:46:51,1,0.0,33.0,42.0,384,,,,,,,,,,
414779,AIF005,딸기,금실,정식기,2021-09-02 16:48:07,1,0.0,23.0,88.0,413,109.0,24.7,,,,,,,,
415445,AIF005,딸기,금실,정식기,2021-09-05 10:46:51,1,0.0,28.0,53.0,409,226.0,24.7,,,,,,,,
415675,AIF005,딸기,금실,정식기,2021-09-08 08:46:51,1,,24.0,82.0,471,,,,,43.0,6.0,9.7,12.9,14.9,
418047,AIF005,딸기,금실,출뢰기,2021-09-14 16:46:51,1,0.0,23.0,74.0,410,,,,,,,,,,
417998,AIF005,딸기,금실,출뢰기,2021-09-14 09:46:51,1,0.0,24.0,75.0,428,,,,,,,,,,
417614,AIF005,딸기,금실,정식기,2021-08-27 06:46:51,1,0.0,22.0,86.0,524,97.0,21.8,,,,,,,,
415081,AIF005,딸기,금실,정식기,2021-09-03 09:56:59,1,0.0,22.0,79.0,418,169.0,21.1,,,,,,,,
417680,AIF005,딸기,금실,정식기,2021-09-07 08:46:51,1,0.0,22.0,83.0,449,,,,,,,,,,
414755,AIF005,딸기,금실,정식기,2021-08-29 14:46:51,1,0.0,30.0,66.0,410,181.0,,,,,,,,,
414674,AIF005,딸기,금실,정식기,2021-08-29 07:46:51,1,0.0,25.0,84.0,519,101.0,,,,,,,,,
418138,AIF005,딸기,금실,출뢰기,2021-09-15 12:46:51,1,,22.0,80.0,439,,,,,43.0,7.0,10.4,13.3,14.9,
415886,AIF005,딸기,금실,정식기,2021-09-10 14:46:51,1,0.0,31.0,47.0,436,,,,,,,,,,
417911,AIF005,딸기,금실,정식기,2021-09-13 13:46:51,1,0.0,31.0,48.0,405,,,,,,,,,,
418164,AIF005,딸기,금실,정식기,2021-09-15 17:46:51,1,,22.0,80.0,439,,,,,26.5,7.0,9.0,12.0,12.0,
415073,AIF005,딸기,금실,정식기,2021-09-03 09:56:34,1,0.0,22.0,79.0,418,161.0,21.0,,,,,,,,
415423,AIF005,딸기,금실,정식기,2021-09-05 07:46:51,0,0.0,22.0,76.0,463,109.0,20.1,,,,,,,,
415613,AIF005,딸기,금실,정식기,2021-09-07 11:46:51,1,0.0,26.0,71.0,424,,,,,,,,,,
415097,AIF005,딸기,금실,정식기,2021-09-03 09:57:24,1,0.0,22.0,79.0,418,169.0,21.1,,,,,,,,
415248,AIF005,딸기,금실,정식기,2021-09-03 17:46:51,1,0.0,22.0,77.0,408,105.0,24.4,,,,,,,,
415502,AIF005,딸기,금실,정식기,2021-09-06 06:46:51,1,0.0,20.0,75.0,469,89.0,19.6,,,,,,,,
414635,AIF005,딸기,금실,정식기,2021-08-28 17:46:51,1,0.0,29.0,65.0,451,109.0,,,,,,,,,
414770,AIF005,딸기,금실,정식기,2021-09-02 16:44:03,1,0.0,23.0,88.0,418,109.0,24.7,,,,,,,,
414405,AIF005,딸기,금실,정식기,2021-08-27 11:46:51,1,0.0,34.0,54.0,406,379.0,28.4,,,,,,,,
415509,AIF005,딸기,금실,정식기,2021-09-06 07:46:51,1,0.0,22.0,76.0,464,101.0,20.1,,,,,,,,
417679,AIF005,딸기,금실,정식기,2021-09-07 08:46:51,1,0.0,22.0,83.0,449,,,,,,,,,,
415677,AIF005,딸기,금실,정식기,2021-09-08 08:46:51,1,,24.0,82.0,471,,,,,38.0,7.0,8.7,13.3,12.8,
415374,AIF005,딸기,금실,정식기,2021-09-04 17:46:51,1,0.0,27.0,60.0,414,121.0,28.8,,,,,,,,
414940,AIF005,딸기,금실,정식기,2021-09-03 09:53:34,1,0.0,22.0,79.0,418,153.0,21.0,,,,,,,,
415717,AIF005,딸기,금실,정식기,2021-09-08 14:46:51,1,,33.0,38.0,386,,,,,43.0,6.0,9.7,12.9,14.9,
415198,AIF005,딸기,금실,정식기,2021-09-03 14:46:51,1,0.0,24.0,76.0,404,161.0,24.4,,,,,,,,
414973,AIF005,딸기,금실,정식기,2021-09-03 09:54:00,1,0.0,22.0,79.0,421,161.0,21.0,,,,,,,,
412777,AIF005,딸기,금실,정식기,2021-10-11 17:31:56,1,0.0,19.0,87.0,452,,,,,,,,,,
415255,AIF005,딸기,금실,정식기,2021-09-04 06:46:51,1,0.0,21.0,77.0,462,101.0,19.5,,,,,,,,
415605,AIF005,딸기,금실,정식기,2021-09-07 09:46:51,1,0.0,23.0,78.0,440,,,,,,,,,,
415486,AIF005,딸기,금실,정식기,2021-09-05 16:46:51,1,0.0,24.0,75.0,410,129.0,24.7,,,,,,,,
412665,AIF005,딸기,금실,정식기,2021-10-11 08:31:56,1,0.0,22.0,87.0,461,,,,,,,,,,
415788,AIF005,딸기,금실,정식기,2021-09-09 12:46:51,1,0.0,32.0,45.0,392,,,,,,,,,,
414891,AIF005,딸기,금실,정식기,2021-09-03 09:45:28,1,0.0,23.0,77.0,416,165.0,20.9,,,,,,,,
414637,AIF005,딸기,금실,정식기,2021-08-28 17:46:51,1,0.0,29.0,65.0,451,109.0,,,,,,,,,
415500,AIF005,딸기,금실,정식기,2021-09-06 06:46:51,1,0.0,20.0,75.0,469,89.0,19.6,,,,,,,,
414772,AIF005,딸기,금실,정식기,2021-09-02 16:44:03,1,0.0,23.0,88.0,418,109.0,24.7,,,,,,,,
415146,AIF005,딸기,금실,정식기,2021-09-03 11:46:51,1,0.0,26.0,67.0,411,294.0,22.6,,,,,,,,
415460,AIF005,딸기,금실,정식기,2021-09-05 12:46:51,1,0.0,27.0,61.0,410,218.0,26.0,,,,,,,,
415668,AIF005,딸기,금실,정식기,2021-09-08 07:46:51,1,,21.0,90.0,506,,,,,43.0,6.0,9.7,12.9,14.9,
415634,AIF005,딸기,금실,정식기,2021-09-07 14:46:51,1,0.0,25.0,78.0,414,,,,,,,,,,
418006,AIF005,딸기,금실,정식기,2021-09-14 10:46:51,1,0.0,25.0,74.0,421,,,,,,,,,,
414676,AIF005,딸기,금실,정식기,2021-08-29 07:46:51,1,0.0,25.0,84.0,519,101.0,,,,,,,,,
414363,AIF005,딸기,금실,정식기,2021-10-09 17:31:56,1,0.0,30.0,54.0,422,,,,,,,,,,
417593,AIF005,딸기,금실,정식기,2021-08-26 17:46:51,1,0.0,33.0,48.0,408,121.0,34.1,,,,,,,,
418143,AIF005,딸기,금실,정식기,2021-09-15 13:46:51,1,,22.0,80.0,439,,,,,26.5,7.0,9.0,12.0,12.0,
415155,AIF005,딸기,금실,정식기,2021-09-03 12:46:51,1,0.0,24.0,74.0,407,161.0,23.6,,,,,,,,
414906,AIF005,딸기,금실,정식기,2021-09-03 09:46:26,1,0.0,23.0,77.0,416,165.0,20.9,,,,,,,,
415381,AIF005,딸기,금실,정식기,2021-09-05 06:46:51,1,0.0,20.0,76.0,465,93.0,19.7,,,,,,,,
415544,AIF005,딸기,금실,정식기,2021-09-06 12:46:51,1,0.0,28.0,58.0,412,278.0,24.8,,,,,,,,
414506,AIF005,딸기,금실,정식기,2021-08-27 17:46:51,1,0.0,30.0,69.0,408,133.0,31.5,,,,,,,,
415577,AIF005,딸기,금실,정식기,2021-09-06 17:46:51,1,0.0,24.0,80.0,416,101.0,25.2,,,,,,,,
415465,AIF005,딸기,금실,정식기,2021-09-05 13:46:51,1,0.0,25.0,67.0,408,161.0,26.0,,,,,,,,
415655,AIF005,딸기,금실,정식기,2021-09-07 17:46:51,1,0.0,25.0,85.0,432,,,,,,,,,,
417634,AIF005,딸기,금실,정식기,2021-08-27 09:46:51,1,0.0,28.0,71.0,492,290.0,24.2,,,,,,,,
414494,AIF005,딸기,금실,정식기,2021-08-27 16:46:51,1,0.0,30.0,64.0,399,133.0,33.0,,,,,,,,
417771,AIF005,딸기,금실,출뢰기,2021-09-12 09:46:51,1,0.0,28.0,59.0,451,,,,,,,,,,
414928,AIF005,딸기,금실,정식기,2021-09-03 09:52:42,1,0.0,22.0,79.0,417,153.0,21.0,,,,,,,,
415808,AIF005,딸기,금실,출뢰기,2021-09-09 15:46:51,1,0.0,32.0,39.0,393,,,,,,,,,,
414683,AIF005,딸기,금실,정식기,2021-08-29 08:46:51,1,0.0,27.0,79.0,460,165.0,,,,,,,,,
418040,AIF005,딸기,금실,출뢰기,2021-09-14 15:46:51,1,0.0,23.0,74.0,412,,,,,,,,,,
417869,AIF005,딸기,금실,정식기,2021-09-13 07:46:51,1,0.0,22.0,83.0,489,,,,,,,,,,
415495,AIF005,딸기,금실,정식기,2021-09-05 17:46:51,1,0.0,23.0,70.0,417,105.0,24.7,,,,,,,,
417931,AIF005,딸기,금실,출뢰기,2021-09-13 16:46:51,1,0.0,28.0,53.0,417,,,,,,,,,,
415250,AIF005,딸기,금실,정식기,2021-09-03 17:46:51,1,0.0,22.0,77.0,408,105.0,24.4,,,,,,,,
412595,AIF005,딸기,금실,정식기,2021-10-10 12:31:56,1,0.0,33.0,46.0,426,,,,,,,,,,
415907,AIF005,딸기,금실,정식기,2021-09-10 17:46:51,1,0.0,26.0,63.0,432,,,,,,,,,,
417890,AIF005,딸기,금실,정식기,2021-09-13 10:46:51,1,0.0,29.0,51.0,417,,,,,,,,,,
415234,AIF005,딸기,금실,정식기,2021-09-03 15:46:51,1,0.0,24.0,77.0,408,145.0,24.4,,,,,,,,
417988,AIF005,딸기,금실,출뢰기,2021-09-14 08:46:51,1,0.0,23.0,81.0,437,,,,,,,,,,
414643,AIF005,딸기,금실,정식기,2021-08-28 18:46:51,1,0.0,28.0,71.0,433,81.0,,,,,,,,,
34579,AIF005,딸기,금실,정식기,2021-08-26 15:46:51,1,0.0,36.0,41.0,415,173.0,33.6,,,,,,,,
415262,AIF005,딸기,금실,정식기,2021-09-04 07:46:51,1,0.0,22.0,76.0,459,109.0,20.2,,,,,,,,
417875,AIF005,딸기,금실,출뢰기,2021-09-13 08:46:51,1,0.0,25.0,73.0,456,,,,,,,,,,
414786,AIF005,딸기,금실,정식기,2021-09-02 16:57:52,1,0.0,23.0,89.0,420,117.0,24.7,,,,,,,,
415802,AIF005,딸기,금실,정식기,2021-09-09 14:46:51,1,0.0,31.0,46.0,395,,,,,,,,,,
412701,AIF005,딸기,금실,정식기,2021-10-11 11:31:56,1,0.0,21.0,82.0,453,,,,,,,,,,
415697,AIF005,딸기,금실,정식기,2021-09-08 11:46:51,1,,30.0,52.0,409,,,,,37.5,7.0,9.0,12.6,11.4,
415705,AIF005,딸기,금실,정식기,2021-09-08 12:46:51,1,,31.0,44.0,396,,,,,38.0,7.0,8.7,13.3,12.8,
412869,AIF005,딸기,금실,정식기,2021-10-07 12:31:56,0,0.0,29.0,47.0,428,,,,,,,,,,
415586,AIF005,딸기,금실,정식기,2021-09-07 06:46:51,1,0.0,21.0,89.0,466,,,,,,,,,,
412756,AIF005,딸기,금실,정식기,2021-10-11 14:31:56,1,0.0,20.0,81.0,442,,,,,,,,,,
414878,AIF005,딸기,금실,정식기,2021-09-03 09:44:37,1,0.0,23.0,77.0,415,165.0,20.9,,,,,,,,
414696,AIF005,딸기,금실,정식기,2021-08-29 10:46:51,1,0.0,30.0,68.0,400,177.0,,,,,,,,,
414383,AIF005,딸기,금실,정식기,2021-08-27 11:26:47,1,0.0,31.0,63.0,414,270.0,27.9,,,,,,,,
415438,AIF005,딸기,금실,정식기,2021-09-05 09:46:51,1,0.0,28.0,53.0,414,274.0,22.9,,,,,,,,
415592,AIF005,딸기,금실,정식기,2021-09-07 07:46:51,1,0.0,21.0,89.0,466,,,,,,,,,,
412687,AIF005,딸기,금실,정식기,2021-10-11 09:31:56,1,0.0,21.0,84.0,458,,,,,,,,,,
415711,AIF005,딸기,금실,정식기,2021-09-08 13:46:51,1,,32.0,43.0,393,,,,,37.5,7.0,9.0,12.6,11.4,
415521,AIF005,딸기,금실,정식기,2021-09-06 09:46:51,1,0.0,24.0,69.0,419,173.0,22.3,,,,,,,,
415480,AIF005,딸기,금실,정식기,2021-09-05 15:46:51,1,0.0,24.0,74.0,411,153.0,25.0,,,,,,,,
420371,AIF005,딸기,금실,정식기,2021-09-03 09:43:46,1,0.0,23.0,78.0,418,165.0,20.9,,,,,,,,
415316,AIF005,딸기,금실,정식기,2021-09-04 13:46:51,1,0.0,32.0,44.0,377,673.0,28.4,,,,,,,,
414704,AIF005,딸기,금실,정식기,2021-08-29 11:46:51,1,0.0,33.0,58.0,385,758.0,,,,,,,,,
414792,AIF005,딸기,금실,정식기,2021-09-02 17:03:07,1,0.0,23.0,88.0,426,117.0,24.6,,,,,,,,
417628,AIF005,딸기,금실,정식기,2021-08-27 08:46:51,1,0.0,25.0,80.0,507,141.0,23.0,,,,,,,,
418027,AIF005,딸기,금실,정식기,2021-09-14 13:46:51,1,0.0,23.0,77.0,408,,,,,,,,,,
414849,AIF005,딸기,금실,정식기,2021-09-02 17:27:33,1,0.0,23.0,88.0,416,101.0,24.4,,,,,,,,
418135,AIF005,딸기,금실,정식기,2021-09-15 11:46:51,1,,22.0,80.0,439,,,,,26.5,7.0,9.0,12.0,12.0,
415472,AIF005,딸기,금실,정식기,2021-09-05 14:46:51,1,0.0,24.0,72.0,412,161.0,25.5,,,,,,,,
415022,AIF005,딸기,금실,정식기,2021-09-03 09:55:18,1,0.0,22.0,79.0,420,157.0,21.0,,,,,,,,
414927,AIF005,딸기,금실,정식기,2021-09-03 09:52:42,1,0.0,22.0,79.0,417,153.0,21.0,,,,,,,,
420081,AIF005,딸기,금실,정식기,2021-09-11 08:46:51,1,0.0,23.0,78.0,472,,,,,,,,,,
415459,AIF005,딸기,금실,정식기,2021-09-05 12:46:51,1,0.0,27.0,61.0,410,218.0,26.0,,,,,,,,
415662,AIF005,딸기,금실,정식기,2021-09-08 06:46:51,1,,21.0,92.0,508,,,,,37.5,7.0,9.0,12.6,11.4,
417896,AIF005,딸기,금실,출뢰기,2021-09-13 11:46:51,1,0.0,30.0,50.0,414,,,,,,,,,,
414765,AIF005,딸기,금실,정식기,2021-09-02 16:33:25,1,0.0,23.0,88.0,412,109.0,24.8,,,,,,,,
415794,AIF005,딸기,금실,출뢰기,2021-09-09 13:46:51,1,0.0,33.0,42.0,380,,,,,,,,,,
417999,AIF005,딸기,금실,정식기,2021-09-14 09:46:51,1,0.0,24.0,75.0,428,,,,,,,,,,
415556,AIF005,딸기,금실,정식기,2021-09-06 14:46:51,1,0.0,27.0,68.0,415,198.0,25.6,,,,,,,,
415420,AIF005,딸기,금실,정식기,2021-09-04 08:46:51,1,0.0,24.0,70.0,423,226.0,21.2,,,,,,,,
415565,AIF005,딸기,금실,정식기,2021-09-06 15:46:51,1,0.0,25.0,76.0,411,137.0,25.6,,,,,,,,
414675,AIF005,딸기,금실,정식기,2021-08-29 07:46:51,1,0.0,25.0,84.0,519,101.0,,,,,,,,,
417814,AIF005,딸기,금실,출뢰기,2021-09-12 13:46:51,1,0.0,34.0,46.0,391,,,,,,,,,,
415829,AIF005,딸기,금실,출뢰기,2021-09-10 06:46:51,1,0.0,20.0,83.0,514,,,,,,,,,,
415080,AIF005,딸기,금실,정식기,2021-09-03 09:56:59,1,0.0,22.0,79.0,418,169.0,21.1,,,,,,,,
414837,AIF005,딸기,금실,정식기,2021-09-02 17:10:56,1,0.0,23.0,88.0,421,109.0,24.6,,,,,,,,
414564,AIF005,딸기,금실,정식기,2021-08-28 08:46:51,1,0.0,26.0,74.0,446,214.0,24.2,,,,,,,,
417848,AIF005,딸기,금실,정식기,2021-09-12 16:46:51,1,0.0,31.0,49.0,399,,,,,,,,,,
415096,AIF005,딸기,금실,정식기,2021-09-03 09:57:24,1,0.0,22.0,79.0,418,169.0,21.1,,,,,,,,
415249,AIF005,딸기,금실,정식기,2021-09-03 17:46:51,1,0.0,22.0,77.0,408,105.0,24.4,,,,,,,,
414771,AIF005,딸기,금실,정식기,2021-09-02 16:44:03,1,0.0,23.0,88.0,418,109.0,24.7,,,,,,,,
418077,AIF005,딸기,금실,출뢰기,2021-09-15 06:46:51,1,,22.0,80.0,439,,,,,43.0,7.0,10.4,13.3,14.9,
415733,AIF005,딸기,금실,정식기,2021-09-08 17:46:51,1,,30.0,52.0,403,,,,,38.0,7.0,8.7,13.3,12.8,
414404,AIF005,딸기,금실,정식기,2021-08-27 11:46:51,1,0.0,34.0,54.0,406,379.0,28.4,,,,,,,,
414067,AIF005,딸기,금실,정식기,2021-10-08 07:31:56,1,0.0,20.0,88.0,499,,,,,,,,,,
417910,AIF005,딸기,금실,출뢰기,2021-09-13 13:46:51,1,0.0,31.0,48.0,405,,,,,,,,,,
412737,AIF005,딸기,금실,정식기,2021-10-11 12:31:56,1,0.0,21.0,81.0,442,,,,,,,,,,
418139,AIF005,딸기,금실,정식기,2021-09-15 12:46:51,1,,22.0,80.0,439,,,,,26.5,7.0,9.0,12.0,12.0,
415612,AIF005,딸기,금실,정식기,2021-09-07 11:46:51,1,0.0,26.0,71.0,424,,,,,,,,,,
417785,AIF005,딸기,금실,출뢰기,2021-09-12 11:46:51,1,0.0,31.0,52.0,402,,,,,,,,,,
418165,AIF005,딸기,금실,출뢰기,2021-09-15 17:46:51,1,,22.0,80.0,439,,,,,43.0,7.0,10.4,13.3,14.9,
415621,AIF005,딸기,금실,정식기,2021-09-07 12:46:51,1,0.0,24.0,79.0,421,,,,,,,,,,
415120,AIF005,딸기,금실,정식기,2021-09-03 09:57:49,1,0.0,22.0,79.0,419,173.0,21.1,,,,,,,,
414702,AIF005,딸기,금실,정식기,2021-08-29 11:46:51,1,0.0,33.0,58.0,385,758.0,,,,,,,,,
417657,AIF005,딸기,금실,정식기,2021-08-27 13:46:51,1,0.0,36.0,49.0,367,488.0,32.3,,,,,,,,
414978,AIF005,딸기,금실,정식기,2021-09-03 09:54:25,1,0.0,22.0,79.0,421,161.0,21.0,,,,,,,,
415451,AIF005,딸기,금실,정식기,2021-09-05 11:46:51,1,0.0,27.0,56.0,413,210.0,25.6,,,,,,,,
414623,AIF005,딸기,금실,정식기,2021-08-28 15:46:51,1,0.0,36.0,37.0,377,129.0,32.6,,,,,,,,
415514,AIF005,딸기,금실,정식기,2021-09-06 08:46:51,1,0.0,24.0,71.0,432,153.0,21.2,,,,,,,,
417826,AIF005,딸기,금실,정식기,2021-09-12 14:46:51,1,0.0,33.0,45.0,381,,,,,,,,,,
420066,AIF005,딸기,금실,출뢰기,2021-09-11 13:46:51,1,0.0,35.0,38.0,388,,,,,,,,,,
414539,AIF005,딸기,금실,정식기,2021-08-28 07:46:51,1,0.0,24.0,81.0,454,97.0,23.5,,,,,,,,
415732,AIF005,딸기,금실,정식기,2021-09-08 17:46:51,1,,30.0,52.0,403,,,,,37.5,7.0,9.0,12.6,11.4,
415474,AIF005,딸기,금실,정식기,2021-09-05 14:46:51,1,0.0,24.0,72.0,412,161.0,25.5,,,,,,,,
415024,AIF005,딸기,금실,정식기,2021-09-03 09:55:18,1,0.0,22.0,79.0,420,157.0,21.0,,,,,,,,
418019,AIF005,딸기,금실,출뢰기,2021-09-14 12:46:51,1,0.0,24.0,74.0,414,,,,,,,,,,
414485,AIF005,딸기,금실,정식기,2021-08-27 15:46:51,0,0.0,33.0,54.0,381,177.0,33.5,,,,,,,,
415294,AIF005,딸기,금실,정식기,2021-09-04 09:46:51,1,0.0,28.0,56.0,409,218.0,22.9,,,,,,,,
417641,AIF005,딸기,금실,정식기,2021-08-27 10:46:51,1,0.0,32.0,58.0,418,601.0,26.0,,,,,,,,
417840,AIF005,딸기,금실,출뢰기,2021-09-12 15:46:51,1,0.0,33.0,42.0,384,,,,,,,,,,
415892,AIF005,딸기,금실,출뢰기,2021-09-10 15:46:51,1,0.0,26.0,63.0,428,,,,,,,,,,
415067,AIF005,딸기,금실,정식기,2021-09-03 09:56:09,1,0.0,22.0,79.0,418,161.0,21.0,,,,,,,,
415663,AIF005,딸기,금실,정식기,2021-09-08 06:46:51,1,,21.0,92.0,508,,,,,38.0,7.0,8.7,13.3,12.8,
414588,AIF005,딸기,금실,정식기,2021-08-28 10:46:51,1,0.0,31.0,55.0,409,298.0,26.4,,,,,,,,
414764,AIF005,딸기,금실,정식기,2021-09-02 16:33:25,1,0.0,23.0,88.0,412,109.0,24.8,,,,,,,,
414208,AIF005,딸기,금실,정식기,2021-10-09 06:31:56,0,0.0,19.0,89.0,477,,,,,,,,,,
412763,AIF005,딸기,금실,정식기,2021-10-11 15:31:56,1,0.0,20.0,82.0,442,,,,,,,,,,
417918,AIF005,딸기,금실,정식기,2021-09-13 14:46:51,1,0.0,29.0,49.0,408,,,,,,,,,,
415703,AIF005,딸기,금실,정식기,2021-09-08 12:46:51,1,,31.0,44.0,396,,,,,43.0,6.0,9.7,12.9,14.9,
415360,AIF005,딸기,금실,정식기,2021-09-04 14:46:51,1,0.0,31.0,47.0,387,246.0,29.4,,,,,,,,
415837,AIF005,딸기,금실,정식기,2021-09-10 07:46:51,1,0.0,21.0,84.0,516,,,,,,,,,,
414176,AIF005,딸기,금실,정식기,2021-10-08 16:31:56,1,0.0,28.0,61.0,441,,,,,,,,,,
415241,AIF005,딸기,금실,정식기,2021-09-03 16:46:51,1,0.0,23.0,79.0,405,121.0,24.4,,,,,,,,
415564,AIF005,딸기,금실,정식기,2021-09-06 15:46:51,1,0.0,25.0,76.0,411,137.0,25.6,,,,,,,,
418054,AIF005,딸기,금실,출뢰기,2021-09-14 17:46:51,1,0.0,23.0,74.0,417,,,,,,,,,,
415689,AIF005,딸기,금실,정식기,2021-09-08 10:46:51,1,,29.0,55.0,420,,,,,43.0,6.0,9.7,12.9,14.9,
417964,AIF005,딸기,금실,출뢰기,2021-09-14 07:46:51,1,0.0,22.0,83.0,447,,,,,,,,,,
415593,AIF005,딸기,금실,정식기,2021-09-07 07:46:51,1,0.0,21.0,89.0,466,,,,,,,,,,
417607,AIF005,딸기,금실,정식기,2021-08-26 18:46:51,1,0.0,29.0,58.0,427,85.0,33.2,,,,,,,,
415317,AIF005,딸기,금실,정식기,2021-09-04 13:46:51,1,0.0,32.0,44.0,377,673.0,28.4,,,,,,,,
415747,AIF005,딸기,금실,정식기,2021-09-09 07:46:51,1,0.0,22.0,82.0,507,,,,,,,,,,
418146,AIF005,딸기,금실,출뢰기,2021-09-15 14:46:51,1,,22.0,80.0,439,,,,,43.0,7.0,10.4,13.3,14.9,
415481,AIF005,딸기,금실,정식기,2021-09-05 15:46:51,1,0.0,24.0,74.0,411,153.0,25.0,,,,,,,,
412651,AIF005,딸기,금실,정식기,2021-10-10 17:31:56,1,0.0,28.0,65.0,431,,,,,,,,,,
414870,AIF005,딸기,금실,정식기,2021-09-03 09:44:12,1,0.0,23.0,77.0,415,165.0,20.9,,,,,,,,
415614,AIF005,딸기,금실,정식기,2021-09-07 11:46:51,1,0.0,26.0,71.0,424,,,,,,,,,,
412581,AIF005,딸기,금실,정식기,2021-10-10 10:31:56,1,0.0,30.0,55.0,429,,,,,,,,,,
414793,AIF005,딸기,금실,정식기,2021-09-02 17:03:07,1,0.0,23.0,88.0,426,117.0,24.6,,,,,,,,
417708,AIF005,딸기,금실,출뢰기,2021-09-11 15:46:51,1,0.0,35.0,39.0,387,,,,,,,,,,
418107,AIF005,딸기,금실,출뢰기,2021-09-15 08:46:51,1,,22.0,80.0,439,,,,,43.0,7.0,10.4,13.3,14.9,
414601,AIF005,딸기,금실,정식기,2021-08-28 12:46:51,1,0.0,33.0,43.0,378,298.0,29.0,,,,,,,,
420400,AIF005,딸기,금실,정식기,2021-09-02 17:33:31,1,0.0,23.0,90.0,419,97.0,24.4,,,,,,,,
420115,AIF005,딸기,금실,출뢰기,2021-09-11 06:46:51,0,0.0,20.0,82.0,499,,,,,,,,,,
414763,AIF005,딸기,금실,정식기,2021-09-02 16:33:25,1,0.0,23.0,88.0,412,109.0,24.8,,,,,,,,
415871,AIF005,딸기,금실,출뢰기,2021-09-10 12:46:51,1,0.0,25.0,68.0,448,,,,,,,,,,
415141,AIF005,딸기,금실,정식기,2021-09-03 10:46:51,1,0.0,24.0,73.0,409,194.0,21.7,,,,,,,,
415125,AIF005,딸기,금실,정식기,2021-09-03 09:58:13,1,0.0,22.0,79.0,419,173.0,21.1,,,,,,,,
415430,AIF005,딸기,금실,정식기,2021-09-05 08:46:51,1,0.0,25.0,60.0,422,246.0,21.2,,,,,,,,
415563,AIF005,딸기,금실,정식기,2021-09-06 15:46:51,1,0.0,25.0,76.0,411,137.0,25.6,,,,,,,,
414722,AIF005,딸기,금실,정식기,2021-08-29 13:46:51,1,0.0,27.0,77.0,429,89.0,,,,,,,,,
414688,AIF005,딸기,금실,정식기,2021-08-29 09:46:51,1,0.0,28.0,77.0,413,222.0,,,,,,,,,
414667,AIF005,딸기,금실,정식기,2021-08-29 06:46:51,1,0.0,24.0,86.0,534,101.0,,,,,,,,,
415753,AIF005,딸기,금실,정식기,2021-09-09 08:46:51,1,0.0,26.0,67.0,459,,,,,,,,,,
415308,AIF005,딸기,금실,정식기,2021-09-04 12:46:51,1,0.0,30.0,50.0,395,343.0,27.2,,,,,,,,
414879,AIF005,딸기,금실,정식기,2021-09-03 09:44:37,1,0.0,23.0,77.0,415,165.0,20.9,,,,,,,,
417620,AIF005,딸기,금실,정식기,2021-08-27 07:46:51,0,0.0,23.0,86.0,518,93.0,22.4,,,,,,,,
415641,AIF005,딸기,금실,정식기,2021-09-07 15:46:51,1,0.0,25.0,78.0,418,,,,,,,,,,
414316,AIF005,딸기,금실,정식기,2021-10-09 15:31:56,1,0.0,33.0,45.0,395,,,,,,,,,,
417739,AIF005,딸기,금실,정식기,2021-09-12 06:46:51,1,0.0,20.0,83.0,511,,,,,,,,,,
415704,AIF005,딸기,금실,정식기,2021-09-08 12:46:51,1,,31.0,44.0,396,,,,,37.5,7.0,9.0,12.6,11.4,
415535,AIF005,딸기,금실,정식기,2021-09-06 11:46:51,1,0.0,27.0,68.0,409,250.0,24.0,,,,,,,,
417764,AIF005,딸기,금실,출뢰기,2021-09-12 08:46:51,1,0.0,25.0,76.0,474,,,,,,,,,,
415759,AIF005,딸기,금실,출뢰기,2021-09-09 09:46:51,1,0.0,27.0,61.0,432,,,,,,,,,,
414518,AIF005,딸기,금실,정식기,2021-08-28 06:46:51,1,0.0,23.0,83.0,455,93.0,23.0,,,,,,,,
414682,AIF005,딸기,금실,정식기,2021-08-29 08:46:51,1,0.0,27.0,79.0,460,165.0,,,,,,,,,
415551,AIF005,딸기,금실,정식기,2021-09-06 13:46:51,1,0.0,25.0,72.0,420,161.0,25.5,,,,,,,,
415302,AIF005,딸기,금실,정식기,2021-09-04 11:46:51,1,0.0,29.0,51.0,402,306.0,26.3,,,,,,,,
415494,AIF005,딸기,금실,정식기,2021-09-05 17:46:51,1,0.0,23.0,70.0,417,105.0,24.7,,,,,,,,
414913,AIF005,딸기,금실,정식기,2021-09-03 09:51:50,1,0.0,22.0,79.0,417,153.0,21.0,,,,,,,,
414356,AIF005,딸기,금실,정식기,2021-10-10 06:31:56,0,0.0,19.0,90.0,513,,,,,,,,,,
417779,AIF005,딸기,금실,정식기,2021-09-12 10:46:51,1,0.0,30.0,55.0,424,,,,,,,,,,
412847,AIF005,딸기,금실,정식기,2021-10-10 08:31:56,0,0.0,22.0,83.0,494,,,,,,,,,,
241627,AIF005,딸기,금실,정식기,2021-08-26 15:46:51,1,0.0,36.0,41.0,415,173.0,33.6,,,,,,,,
413997,AIF005,딸기,금실,정식기,2021-10-07 15:31:56,0,0.0,28.0,53.0,446,,,,,,,,,,
414053,AIF005,딸기,금실,정식기,2021-10-07 17:31:56,0,0.0,26.0,59.0,0,,,,,,,,,,
417702,AIF005,딸기,금실,정식기,2021-09-11 14:46:51,1,0.0,34.0,40.0,398,,,,,,,,,,
417924,AIF005,딸기,금실,출뢰기,2021-09-13 15:46:51,1,0.0,29.0,50.0,410,,,,,,,,,,
418048,AIF005,딸기,금실,정식기,2021-09-14 16:46:51,1,0.0,23.0,74.0,410,,,,,,,,,,
415380,AIF005,딸기,금실,정식기,2021-09-05 06:46:51,1,0.0,20.0,76.0,465,93.0,19.7,,,,,,,,
417861,AIF005,딸기,금실,출뢰기,2021-09-13 06:46:51,1,0.0,21.0,85.0,506,,,,,,,,,,
415626,AIF005,딸기,금실,정식기,2021-09-07 13:46:51,1,0.0,25.0,76.0,419,,,,,,,,,,
414907,AIF005,딸기,금실,정식기,2021-09-03 09:46:26,1,0.0,23.0,77.0,416,165.0,20.9,,,,,,,,
415683,AIF005,딸기,금실,정식기,2021-09-08 09:46:51,1,,27.0,62.0,440,,,,,37.5,7.0,9.0,12.6,11.4,
414507,AIF005,딸기,금실,정식기,2021-08-27 17:46:51,1,0.0,30.0,69.0,408,133.0,31.5,,,,,,,,
415816,AIF005,딸기,금실,정식기,2021-09-09 16:46:51,1,0.0,30.0,56.0,397,,,,,,,,,,
414157,AIF005,딸기,금실,정식기,2021-10-08 15:31:56,1,0.0,28.0,55.0,433,,,,,,,,,,
417939,AIF005,딸기,금실,정식기,2021-09-13 17:46:51,1,0.0,26.0,57.0,423,,,,,,,,,,
415493,AIF005,딸기,금실,정식기,2021-09-05 17:46:51,1,0.0,23.0,70.0,417,105.0,24.7,,,,,,,,
415359,AIF005,딸기,금실,정식기,2021-09-04 14:46:51,1,0.0,31.0,47.0,387,246.0,29.4,,,,,,,,
415885,AIF005,딸기,금실,출뢰기,2021-09-10 14:46:51,1,0.0,31.0,47.0,436,,,,,,,,,,
414636,AIF005,딸기,금실,정식기,2021-08-28 17:46:51,1,0.0,29.0,65.0,451,109.0,,,,,,,,,
418130,AIF005,딸기,금실,출뢰기,2021-09-15 10:46:51,1,,22.0,80.0,439,,,,,43.0,7.0,10.4,13.3,14.9,
414810,AIF005,딸기,금실,정식기,2021-09-02 17:08:06,1,0.0,23.0,87.0,422,109.0,24.6,,,,,,,,
415647,AIF005,딸기,금실,정식기,2021-09-07 16:46:51,1,0.0,25.0,81.0,424,,,,,,,,,,
415635,AIF005,딸기,금실,정식기,2021-09-07 14:46:51,1,0.0,25.0,78.0,414,,,,,,,,,,
414248,AIF005,딸기,금실,정식기,2021-10-09 10:31:56,1,0.0,32.0,48.0,408,,,,,,,,,,
415190,AIF005,딸기,금실,정식기,2021-09-03 13:46:51,1,0.0,25.0,72.0,407,254.0,24.0,,,,,,,,
415508,AIF005,딸기,금실,정식기,2021-09-06 07:46:51,1,0.0,22.0,76.0,464,101.0,20.1,,,,,,,,
415738,AIF005,딸기,금실,출뢰기,2021-09-09 06:46:51,1,0.0,20.0,85.0,523,,,,,,,,,,
414579,AIF005,딸기,금실,정식기,2021-08-28 09:46:51,1,0.0,28.0,66.0,438,177.0,25.3,,,,,,,,
420095,AIF005,딸기,금실,정식기,2021-09-11 10:46:51,0,0.0,30.0,55.0,430,,,,,,,,,,
418013,AIF005,딸기,금실,정식기,2021-09-14 11:46:51,1,0.0,26.0,70.0,410,,,,,,,,,,
414899,AIF005,딸기,금실,정식기,2021-09-03 09:45:53,1,0.0,23.0,77.0,416,165.0,20.9,,,,,,,,
414715,AIF005,딸기,금실,정식기,2021-08-29 12:46:51,1,0.0,31.0,63.0,390,177.0,,,,,,,,,
415530,AIF005,딸기,금실,정식기,2021-09-06 10:46:51,1,0.0,27.0,66.0,412,238.0,23.1,,,,,,,,
414607,AIF005,딸기,금실,정식기,2021-08-28 13:46:51,1,0.0,36.0,37.0,376,282.0,30.4,,,,,,,,
417882,AIF005,딸기,금실,출뢰기,2021-09-13 09:46:51,1,0.0,27.0,62.0,435,,,,,,,,,,
415153,AIF005,딸기,금실,정식기,2021-09-03 12:46:51,1,0.0,24.0,74.0,407,161.0,23.6,,,,,,,,
415676,AIF005,딸기,금실,정식기,2021-09-08 08:46:51,1,,24.0,82.0,471,,,,,37.5,7.0,9.0,12.6,11.4,
414858,AIF005,딸기,금실,정식기,2021-09-02 17:30:34,1,0.0,23.0,89.0,416,101.0,24.4,,,,,,,,
415119,AIF005,딸기,금실,정식기,2021-09-03 09:57:49,1,0.0,22.0,79.0,419,173.0,21.1,,,,,,,,
420122,AIF005,딸기,금실,정식기,2021-09-06 16:46:51,1,0.0,25.0,78.0,418,129.0,25.2,,,,,,,,
414884,AIF005,딸기,금실,정식기,2021-09-03 09:45:02,1,0.0,23.0,77.0,416,165.0,20.9,,,,,,,,
414492,AIF005,딸기,금실,정식기,2021-08-27 16:46:51,1,0.0,30.0,64.0,399,133.0,33.0,,,,,,,,
415000,AIF005,딸기,금실,정식기,2021-09-03 09:54:51,1,0.0,22.0,79.0,420,157.0,21.0,,,,,,,,
415725,AIF005,딸기,금실,정식기,2021-09-08 15:46:51,1,,30.0,46.0,397,,,,,37.5,7.0,9.0,12.6,11.4,
415542,AIF005,딸기,금실,정식기,2021-09-06 12:46:51,1,0.0,28.0,58.0,412,278.0,24.8,,,,,,,,
414754,AIF005,딸기,금실,정식기,2021-08-29 14:46:51,1,0.0,30.0,66.0,410,181.0,,,,,,,,,
415515,AIF005,딸기,금실,정식기,2021-09-06 08:46:51,1,0.0,24.0,71.0,432,153.0,21.2,,,,,,,,
420067,AIF005,딸기,금실,정식기,2021-09-11 13:46:51,1,0.0,35.0,38.0,388,,,,,,,,,,
414384,AIF005,딸기,금실,정식기,2021-08-27 11:26:47,1,0.0,31.0,63.0,414,270.0,27.9,,,,,,,,
415549,AIF005,딸기,금실,정식기,2021-09-06 13:46:51,1,0.0,25.0,72.0,420,161.0,25.5,,,,,,,,
420088,AIF005,딸기,금실,정식기,2021-09-11 09:46:51,1,0.0,25.0,70.0,451,,,,,,,,,,
417827,AIF005,딸기,금실,출뢰기,2021-09-12 14:46:51,1,0.0,33.0,45.0,381,,,,,,,,,,
414703,AIF005,딸기,금실,정식기,2021-08-29 11:46:51,1,0.0,33.0,58.0,385,758.0,,,,,,,,,
414979,AIF005,딸기,금실,정식기,2021-09-03 09:54:25,1,0.0,22.0,79.0,421,161.0,21.0,,,,,,,,
417656,AIF005,딸기,금실,정식기,2021-08-27 13:46:51,1,0.0,36.0,49.0,367,488.0,32.3,,,,,,,,
414580,AIF005,딸기,금실,정식기,2021-08-28 09:46:51,1,0.0,28.0,66.0,438,177.0,25.3,,,,,,,,
417889,AIF005,딸기,금실,출뢰기,2021-09-13 10:46:51,1,0.0,29.0,51.0,417,,,,,,,,,,
414812,AIF005,딸기,금실,정식기,2021-09-02 17:08:06,1,0.0,23.0,87.0,422,109.0,24.6,,,,,,,,
414541,AIF005,딸기,금실,정식기,2021-08-28 07:46:51,1,0.0,24.0,81.0,454,97.0,23.5,,,,,,,,
415295,AIF005,딸기,금실,정식기,2021-09-04 09:46:51,1,0.0,28.0,56.0,409,218.0,22.9,,,,,,,,
414892,AIF005,딸기,금실,정식기,2021-09-03 09:45:28,0,0.0,23.0,77.0,416,165.0,20.9,,,,,,,,
412616,AIF005,딸기,금실,정식기,2021-10-10 15:31:56,1,0.0,33.0,49.0,405,,,,,,,,,,
414886,AIF005,딸기,금실,정식기,2021-09-03 09:45:02,1,0.0,23.0,77.0,416,165.0,20.9,,,,,,,,
415578,AIF005,딸기,금실,정식기,2021-09-06 17:46:51,1,0.0,24.0,80.0,416,101.0,25.2,,,,,,,,
415002,AIF005,딸기,금실,정식기,2021-09-03 09:54:51,1,0.0,22.0,79.0,420,157.0,21.0,,,,,,,,
417904,AIF005,딸기,금실,정식기,2021-09-13 12:46:51,1,0.0,30.0,49.0,407,,,,,,,,,,
412840,AIF005,딸기,금실,정식기,2021-10-12 15:31:56,1,0.0,17.0,81.0,445,,,,,,,,,,
414644,AIF005,딸기,금실,정식기,2021-08-28 18:46:51,1,0.0,28.0,71.0,433,81.0,,,,,,,,,
415606,AIF005,딸기,금실,정식기,2021-09-07 09:46:51,1,0.0,23.0,78.0,440,,,,,,,,,,
418034,AIF005,딸기,금실,정식기,2021-09-14 14:46:51,1,0.0,23.0,75.0,413,,,,,,,,,,
415256,AIF005,딸기,금실,정식기,2021-09-04 06:46:51,1,0.0,21.0,77.0,462,101.0,19.5,,,,,,,,
414081,AIF005,딸기,금실,정식기,2021-10-08 11:31:56,1,0.0,28.0,62.0,439,,,,,,,,,,
414778,AIF005,딸기,금실,정식기,2021-09-02 16:48:07,1,0.0,23.0,88.0,413,109.0,24.7,,,,,,,,
415836,AIF005,딸기,금실,출뢰기,2021-09-10 07:46:51,1,0.0,21.0,84.0,516,,,,,,,,,,
414717,AIF005,딸기,금실,정식기,2021-08-29 12:46:51,1,0.0,31.0,63.0,390,177.0,,,,,,,,,
415628,AIF005,딸기,금실,정식기,2021-09-07 13:46:51,1,0.0,25.0,76.0,419,,,,,,,,,,
412694,AIF005,딸기,금실,정식기,2021-10-11 10:31:56,1,0.0,21.0,83.0,454,,,,,,,,,,
418147,AIF005,딸기,금실,정식기,2021-09-15 14:46:51,1,,22.0,80.0,439,,,,,26.5,7.0,9.0,12.0,12.0,
417932,AIF005,딸기,금실,정식기,2021-09-13 16:46:51,1,0.0,28.0,53.0,417,,,,,,,,,,
418055,AIF005,딸기,금실,정식기,2021-09-14 17:46:51,1,0.0,23.0,74.0,417,,,,,,,,,,
417965,AIF005,딸기,금실,정식기,2021-09-14 07:46:51,1,0.0,22.0,83.0,447,,,,,,,,,,
414600,AIF005,딸기,금실,정식기,2021-08-28 12:46:51,1,0.0,33.0,43.0,378,298.0,29.0,,,,,,,,
417709,AIF005,딸기,금실,정식기,2021-09-11 15:46:51,1,0.0,35.0,39.0,387,,,,,,,,,,
415857,AIF005,딸기,금실,출뢰기,2021-09-10 10:46:51,1,0.0,24.0,79.0,497,,,,,,,,,,
414263,AIF005,딸기,금실,정식기,2021-10-09 11:31:56,1,0.0,35.0,42.0,400,,,,,,,,,,
415787,AIF005,딸기,금실,출뢰기,2021-09-09 12:46:51,1,0.0,32.0,45.0,392,,,,,,,,,,
414234,AIF005,딸기,금실,정식기,2021-10-09 08:31:56,0,0.0,24.0,75.0,454,,,,,,,,,,
414934,AIF005,딸기,금실,정식기,2021-09-03 09:53:08,1,0.0,22.0,79.0,418,153.0,21.0,,,,,,,,
415075,AIF005,딸기,금실,정식기,2021-09-03 09:56:34,1,0.0,22.0,79.0,418,161.0,21.0,,,,,,,,
415425,AIF005,딸기,금실,정식기,2021-09-05 07:46:51,1,0.0,22.0,76.0,463,109.0,20.1,,,,,,,,
415649,AIF005,딸기,금실,정식기,2021-09-07 16:46:51,1,0.0,25.0,81.0,424,,,,,,,,,,
415718,AIF005,딸기,금실,정식기,2021-09-08 14:46:51,1,,33.0,38.0,386,,,,,37.5,7.0,9.0,12.6,11.4,
417903,AIF005,딸기,금실,출뢰기,2021-09-13 12:46:51,1,0.0,30.0,49.0,407,,,,,,,,,,
414505,AIF005,딸기,금실,정식기,2021-08-27 17:46:51,1,0.0,30.0,69.0,408,133.0,31.5,,,,,,,,
415431,AIF005,딸기,금실,정식기,2021-09-05 08:46:51,1,0.0,25.0,60.0,422,246.0,21.2,,,,,,,,
414856,AIF005,딸기,금실,정식기,2021-09-02 17:30:34,1,0.0,23.0,89.0,416,101.0,24.4,,,,,,,,
418033,AIF005,딸기,금실,출뢰기,2021-09-14 14:46:51,1,0.0,23.0,75.0,413,,,,,,,,,,
417772,AIF005,딸기,금실,정식기,2021-09-12 09:46:51,1,0.0,28.0,59.0,451,,,,,,,,,,
415139,AIF005,딸기,금실,정식기,2021-09-03 10:46:51,1,0.0,24.0,73.0,409,194.0,21.7,,,,,,,,
417621,AIF005,딸기,금실,정식기,2021-08-27 07:46:51,1,0.0,23.0,86.0,518,93.0,22.4,,,,,,,,
420102,AIF005,딸기,금실,정식기,2021-09-11 11:46:51,0,0.0,32.0,49.0,409,,,,,,,,,,
415309,AIF005,딸기,금실,정식기,2021-09-04 12:46:51,1,0.0,30.0,50.0,395,343.0,27.2,,,,,,,,
417738,AIF005,딸기,금실,출뢰기,2021-09-12 06:46:51,1,0.0,20.0,83.0,511,,,,,,,,,,
414609,AIF005,딸기,금실,정식기,2021-08-28 13:46:51,1,0.0,36.0,37.0,376,282.0,30.4,,,,,,,,
415752,AIF005,딸기,금실,출뢰기,2021-09-09 08:46:51,1,0.0,26.0,67.0,459,,,,,,,,,,
414689,AIF005,딸기,금실,정식기,2021-08-29 09:46:51,1,0.0,28.0,77.0,413,222.0,,,,,,,,,
414520,AIF005,딸기,금실,정식기,2021-08-28 06:46:51,1,0.0,23.0,83.0,455,93.0,23.0,,,,,,,,
414905,AIF005,딸기,금실,정식기,2021-09-03 09:46:26,1,0.0,23.0,77.0,416,165.0,20.9,,,,,,,,
414723,AIF005,딸기,금실,정식기,2021-08-29 13:46:51,0,0.0,27.0,77.0,429,89.0,,,,,,,,,
418161,AIF005,딸기,금실,출뢰기,2021-09-15 16:46:51,1,,22.0,80.0,439,,,,,43.0,7.0,10.4,13.3,14.9,
414872,AIF005,딸기,금실,정식기,2021-09-03 09:44:12,1,0.0,23.0,77.0,415,165.0,20.9,,,,,,,,
415133,AIF005,딸기,금실,정식기,2021-09-03 09:58:38,1,0.0,22.0,79.0,419,173.0,21.1,,,,,,,,
420108,AIF005,딸기,금실,출뢰기,2021-09-11 07:46:51,1,0.0,21.0,84.0,491,,,,,,,,,,
418078,AIF005,딸기,금실,정식기,2021-09-15 06:46:51,1,,22.0,80.0,439,,,,,26.5,7.0,9.0,12.0,12.0,
414791,AIF005,딸기,금실,정식기,2021-09-02 17:03:07,1,0.0,23.0,88.0,426,117.0,24.6,,,,,,,,
417732,AIF005,딸기,금실,정식기,2021-09-11 17:46:51,1,0.0,35.0,40.0,391,,,,,,,,,,
415367,AIF005,딸기,금실,정식기,2021-09-04 15:46:51,1,0.0,31.0,48.0,393,246.0,29.4,,,,,,,,
417765,AIF005,딸기,금실,정식기,2021-09-12 08:46:51,1,0.0,25.0,76.0,474,,,,,,,,,,
414519,AIF005,딸기,금실,정식기,2021-08-28 06:46:51,0,0.0,23.0,83.0,455,93.0,23.0,,,,,,,,
415522,AIF005,딸기,금실,정식기,2021-09-06 09:46:51,1,0.0,24.0,69.0,419,173.0,22.3,,,,,,,,
414695,AIF005,딸기,금실,정식기,2021-08-29 10:46:51,1,0.0,30.0,68.0,400,177.0,,,,,,,,,
415591,AIF005,딸기,금실,정식기,2021-09-07 07:46:51,1,0.0,21.0,89.0,466,,,,,,,,,,
414921,AIF005,딸기,금실,정식기,2021-09-03 09:52:16,1,0.0,22.0,79.0,417,153.0,21.0,,,,,,,,
415315,AIF005,딸기,금실,정식기,2021-09-04 13:46:51,1,0.0,32.0,44.0,377,673.0,28.4,,,,,,,,
415745,AIF005,딸기,금실,출뢰기,2021-09-09 07:46:51,1,0.0,22.0,82.0,507,,,,,,,,,,
417778,AIF005,딸기,금실,출뢰기,2021-09-12 10:46:51,1,0.0,30.0,55.0,424,,,,,,,,,,
414912,AIF005,딸기,금실,정식기,2021-09-03 09:51:50,1,0.0,22.0,79.0,417,153.0,21.0,,,,,,,,
420372,AIF005,딸기,금실,정식기,2021-09-03 09:43:46,1,0.0,23.0,78.0,418,165.0,20.9,,,,,,,,
412861,AIF005,딸기,금실,정식기,2021-10-07 11:31:56,0,0.0,30.0,46.0,425,,,,,,,,,,
417925,AIF005,딸기,금실,정식기,2021-09-13 15:46:51,1,0.0,29.0,50.0,410,,,,,,,,,,
414370,AIF005,딸기,금실,정식기,2021-10-10 07:31:56,1,0.0,20.0,88.0,514,,,,,,,,,,
415047,AIF005,딸기,금실,정식기,2021-09-03 09:55:43,1,0.0,22.0,79.0,420,157.0,21.0,,,,,,,,
415627,AIF005,딸기,금실,정식기,2021-09-07 13:46:51,1,0.0,25.0,76.0,419,,,,,,,,,,
415801,AIF005,딸기,금실,출뢰기,2021-09-09 14:46:51,1,0.0,31.0,46.0,395,,,,,,,,,,
417938,AIF005,딸기,금실,출뢰기,2021-09-13 17:46:51,1,0.0,26.0,57.0,423,,,,,,,,,,
415373,AIF005,딸기,금실,정식기,2021-09-04 17:46:51,1,0.0,27.0,60.0,414,121.0,28.8,,,,,,,,
414586,AIF005,딸기,금실,정식기,2021-08-28 10:46:51,1,0.0,31.0,55.0,409,298.0,26.4,,,,,,,,
417876,AIF005,딸기,금실,정식기,2021-09-13 08:46:51,1,0.0,25.0,73.0,456,,,,,,,,,,
415682,AIF005,딸기,금실,정식기,2021-09-08 09:46:51,1,,27.0,62.0,440,,,,,43.0,6.0,9.7,12.9,14.9,
415774,AIF005,딸기,금실,정식기,2021-09-09 11:46:51,1,0.0,29.0,53.0,420,,,,,,,,,,
415127,AIF005,딸기,금실,정식기,2021-09-03 09:58:13,1,0.0,22.0,79.0,419,173.0,21.1,,,,,,,,
415432,AIF005,딸기,금실,정식기,2021-09-05 08:46:51,1,0.0,25.0,60.0,422,246.0,21.2,,,,,,,,
418131,AIF005,딸기,금실,정식기,2021-09-15 10:46:51,1,,22.0,80.0,439,,,,,26.5,7.0,9.0,12.0,12.0,
414811,AIF005,딸기,금실,정식기,2021-09-02 17:08:06,1,0.0,23.0,87.0,422,109.0,24.6,,,,,,,,
414487,AIF005,딸기,금실,정식기,2021-08-27 15:46:51,1,0.0,33.0,54.0,381,177.0,33.5,,,,,,,,
417801,AIF005,딸기,금실,정식기,2021-09-12 12:46:51,1,0.0,33.0,49.0,397,,,,,,,,,,
417627,AIF005,딸기,금실,정식기,2021-08-27 08:46:51,0,0.0,25.0,80.0,507,141.0,23.0,,,,,,,,
415296,AIF005,딸기,금실,정식기,2021-09-04 09:46:51,1,0.0,28.0,56.0,409,218.0,22.9,,,,,,,,
417786,AIF005,딸기,금실,정식기,2021-09-12 11:46:51,1,0.0,31.0,52.0,402,,,,,,,,,,
414595,AIF005,딸기,금실,정식기,2021-08-28 11:46:51,1,0.0,31.0,50.0,405,355.0,27.8,,,,,,,,
415358,AIF005,딸기,금실,정식기,2021-09-04 14:46:51,1,0.0,31.0,47.0,387,246.0,29.4,,,,,,,,
415691,AIF005,딸기,금실,정식기,2021-09-08 10:46:51,1,,29.0,55.0,420,,,,,38.0,7.0,8.7,13.3,12.8,
414215,AIF005,딸기,금실,정식기,2021-10-09 07:31:56,0,0.0,20.0,88.0,473,,,,,,,,,,
412791,AIF005,딸기,금실,정식기,2021-10-12 08:31:56,0,0.0,18.0,88.0,453,,,,,,,,,,
414850,AIF005,딸기,금실,정식기,2021-09-02 17:27:33,1,0.0,23.0,88.0,416,101.0,24.4,,,,,,,,
415437,AIF005,딸기,금실,정식기,2021-09-05 09:46:51,1,0.0,28.0,53.0,414,274.0,22.9,,,,,,,,
415191,AIF005,딸기,금실,정식기,2021-09-03 13:46:51,1,0.0,25.0,72.0,407,254.0,24.0,,,,,,,,
415453,AIF005,딸기,금실,정식기,2021-09-05 11:46:51,1,0.0,27.0,56.0,413,210.0,25.6,,,,,,,,
415516,AIF005,딸기,금실,정식기,2021-09-06 08:46:51,1,0.0,24.0,71.0,432,153.0,21.2,,,,,,,,
414621,AIF005,딸기,금실,정식기,2021-08-28 15:46:51,1,0.0,36.0,37.0,377,129.0,32.6,,,,,,,,
415899,AIF005,딸기,금실,출뢰기,2021-09-10 16:46:51,1,0.0,27.0,61.0,432,,,,,,,,,,
415781,AIF005,딸기,금실,정식기,2021-09-08 16:46:51,1,,30.0,45.0,402,,,,,37.5,7.0,9.0,12.6,11.4,
414669,AIF005,딸기,금실,정식기,2021-08-29 06:46:51,1,0.0,24.0,86.0,534,101.0,,,,,,,,,
415851,AIF005,딸기,금실,정식기,2021-09-10 09:46:51,1,0.0,22.0,87.0,500,,,,,,,,,,
418100,AIF005,딸기,금실,출뢰기,2021-09-15 07:46:51,1,,22.0,80.0,439,,,,,43.0,7.0,10.4,13.3,14.9,
417883,AIF005,딸기,금실,정식기,2021-09-13 09:46:51,1,0.0,27.0,62.0,435,,,,,,,,,,
414898,AIF005,딸기,금실,정식기,2021-09-03 09:45:53,1,0.0,23.0,77.0,416,165.0,20.9,,,,,,,,
418012,AIF005,딸기,금실,출뢰기,2021-09-14 11:46:51,1,0.0,26.0,70.0,410,,,,,,,,,,
414844,AIF005,딸기,금실,정식기,2021-09-02 17:24:40,1,0.0,23.0,88.0,417,97.0,24.4,,,,,,,,
415243,AIF005,딸기,금실,정식기,2021-09-03 16:46:51,1,0.0,23.0,79.0,405,121.0,24.4,,,,,,,,
414297,AIF005,딸기,금실,정식기,2021-10-09 13:31:56,1,0.0,31.0,51.0,417,,,,,,,,,,
415310,AIF005,딸기,금실,정식기,2021-09-04 12:46:51,1,0.0,30.0,50.0,395,343.0,27.2,,,,,,,,
415543,AIF005,딸기,금실,정식기,2021-09-06 12:46:51,1,0.0,28.0,58.0,412,278.0,24.8,,,,,,,,
415740,AIF005,딸기,금실,정식기,2021-09-09 06:46:51,1,0.0,20.0,85.0,523,,,,,,,,,,
415773,AIF005,딸기,금실,출뢰기,2021-09-09 11:46:51,1,0.0,29.0,53.0,420,,,,,,,,,,
414493,AIF005,딸기,금실,정식기,2021-08-27 16:46:51,1,0.0,30.0,64.0,399,133.0,33.0,,,,,,,,
414690,AIF005,딸기,금실,정식기,2021-08-29 09:46:51,1,0.0,28.0,77.0,413,222.0,,,,,,,,,
415118,AIF005,딸기,금실,정식기,2021-09-03 09:57:49,1,0.0,22.0,79.0,419,173.0,21.1,,,,,,,,
420123,AIF005,딸기,금실,정식기,2021-09-06 16:46:51,1,0.0,25.0,78.0,418,129.0,25.2,,,,,,,,
414885,AIF005,딸기,금실,정식기,2021-09-03 09:45:02,1,0.0,23.0,77.0,416,165.0,20.9,,,,,,,,
414106,AIF005,딸기,금실,정식기,2021-10-08 12:31:56,1,0.0,33.0,46.0,412,,,,,,,,,,
415001,AIF005,딸기,금실,정식기,2021-09-03 09:54:51,1,0.0,22.0,79.0,420,157.0,21.0,,,,,,,,
415724,AIF005,딸기,금실,정식기,2021-09-08 15:46:51,1,,30.0,46.0,397,,,,,43.0,6.0,9.7,12.9,14.9,
415619,AIF005,딸기,금실,정식기,2021-09-07 12:46:51,1,0.0,24.0,79.0,421,,,,,,,,,,
414668,AIF005,딸기,금실,정식기,2021-08-29 06:46:51,1,0.0,24.0,86.0,534,101.0,,,,,,,,,
415422,AIF005,딸기,금실,정식기,2021-09-04 08:46:51,1,0.0,24.0,70.0,423,226.0,21.2,,,,,,,,
415242,AIF005,딸기,금실,정식기,2021-09-03 16:46:51,0,0.0,23.0,79.0,405,121.0,24.4,,,,,,,,
418020,AIF005,딸기,금실,정식기,2021-09-14 12:46:51,1,0.0,24.0,74.0,414,,,,,,,,,,
412784,AIF005,딸기,금실,정식기,2021-10-12 07:31:56,0,0.0,18.0,90.0,462,,,,,,,,,,
417855,AIF005,딸기,금실,정식기,2021-09-12 17:46:51,1,0.0,29.0,59.0,413,,,,,,,,,,
414980,AIF005,딸기,금실,정식기,2021-09-03 09:54:25,1,0.0,22.0,79.0,421,161.0,21.0,,,,,,,,
415822,AIF005,딸기,금실,출뢰기,2021-09-09 17:46:51,1,0.0,28.0,53.0,420,,,,,,,,,,
420399,AIF005,딸기,금실,정식기,2021-09-02 17:33:31,1,0.0,23.0,90.0,419,97.0,24.4,,,,,,,,
414629,AIF005,딸기,금실,정식기,2021-08-28 16:46:51,1,0.0,31.0,55.0,391,121.0,,,,,,,,,
414941,AIF005,딸기,금실,정식기,2021-09-03 09:53:34,1,0.0,22.0,79.0,418,153.0,21.0,,,,,,,,
414486,AIF005,딸기,금실,정식기,2021-08-27 15:46:51,1,0.0,33.0,54.0,381,177.0,33.5,,,,,,,,
415731,AIF005,딸기,금실,정식기,2021-09-08 17:46:51,1,,30.0,52.0,403,,,,,43.0,6.0,9.7,12.9,14.9,
414113,AIF005,딸기,금실,정식기,2021-10-08 13:31:56,1,0.0,31.0,50.0,412,,,,,,,,,,
415501,AIF005,딸기,금실,정식기,2021-09-06 06:46:51,1,0.0,20.0,75.0,469,89.0,19.6,,,,,,,,
417642,AIF005,딸기,금실,정식기,2021-08-27 10:46:51,1,0.0,32.0,58.0,418,601.0,26.0,,,,,,,,
414594,AIF005,딸기,금실,정식기,2021-08-28 11:46:51,1,0.0,31.0,50.0,405,355.0,27.8,,,,,,,,
414282,AIF005,딸기,금실,정식기,2021-10-09 12:31:56,0,0.0,34.0,42.0,392,,,,,,,,,,
418108,AIF005,딸기,금실,정식기,2021-09-15 08:46:51,1,,22.0,80.0,439,,,,,26.5,7.0,9.0,12.0,12.0,
415690,AIF005,딸기,금실,정식기,2021-09-08 10:46:51,1,,29.0,55.0,420,,,,,37.5,7.0,9.0,12.6,11.4,
415766,AIF005,딸기,금실,출뢰기,2021-09-09 10:46:51,1,0.0,29.0,52.0,418,,,,,,,,,,
418154,AIF005,딸기,금실,출뢰기,2021-09-15 15:46:51,1,,22.0,80.0,439,,,,,43.0,7.0,10.4,13.3,14.9,
417584,AIF005,딸기,금실,정식기,2021-08-26 16:46:51,1,0.0,35.0,45.0,406,165.0,34.0,,,,,,,,
414914,AIF005,딸기,금실,정식기,2021-09-03 09:51:50,1,0.0,22.0,79.0,417,153.0,21.0,,,,,,,,
418142,AIF005,딸기,금실,출뢰기,2021-09-15 13:46:51,1,,22.0,80.0,439,,,,,43.0,7.0,10.4,13.3,14.9,
414851,AIF005,딸기,금실,정식기,2021-09-02 17:27:33,1,0.0,23.0,88.0,416,101.0,24.4,,,,,,,,
412602,AIF005,딸기,금실,정식기,2021-10-10 13:31:56,1,0.0,33.0,47.0,422,,,,,,,,,,
417746,AIF005,딸기,금실,정식기,2021-09-12 07:46:51,1,0.0,22.0,82.0,494,,,,,,,,,,
415082,AIF005,딸기,금실,정식기,2021-09-03 09:56:59,1,0.0,22.0,79.0,418,169.0,21.1,,,,,,,,
414835,AIF005,딸기,금실,정식기,2021-09-02 17:10:56,1,0.0,23.0,88.0,421,109.0,24.6,,,,,,,,
415452,AIF005,딸기,금실,정식기,2021-09-05 11:46:51,1,0.0,27.0,56.0,413,210.0,25.6,,,,,,,,
415147,AIF005,딸기,금실,정식기,2021-09-03 11:46:51,1,0.0,26.0,67.0,411,294.0,22.6,,,,,,,,
415844,AIF005,딸기,금실,정식기,2021-09-10 08:46:51,1,0.0,22.0,87.0,514,,,,,,,,,,
414842,AIF005,딸기,금실,정식기,2021-09-02 17:24:40,1,0.0,23.0,88.0,417,97.0,24.4,,,,,,,,
414037,AIF005,딸기,금실,정식기,2021-10-07 16:31:56,0,0.0,29.0,52.0,439,,,,,,,,,,
417917,AIF005,딸기,금실,출뢰기,2021-09-13 14:46:51,1,0.0,29.0,49.0,408,,,,,,,,,,
415479,AIF005,딸기,금실,정식기,2021-09-05 15:46:51,1,0.0,24.0,74.0,411,153.0,25.0,,,,,,,,
414349,AIF005,딸기,금실,정식기,2021-10-09 09:31:56,1,0.0,29.0,58.0,435,,,,,,,,,,
415584,AIF005,딸기,금실,정식기,2021-09-07 06:46:51,1,0.0,21.0,89.0,466,,,,,,,,,,
415558,AIF005,딸기,금실,정식기,2021-09-06 14:46:51,1,0.0,27.0,68.0,415,198.0,25.6,,,,,,,,
415654,AIF005,딸기,금실,정식기,2021-09-07 17:46:51,1,0.0,25.0,85.0,432,,,,,,,,,,
415872,AIF005,딸기,금실,정식기,2021-09-10 12:46:51,1,0.0,25.0,68.0,448,,,,,,,,,,
414449,AIF005,딸기,금실,정식기,2021-08-27 14:46:51,1,0.0,35.0,49.0,375,290.0,33.4,,,,,,,,
420116,AIF005,딸기,금실,정식기,2021-09-11 06:46:51,1,0.0,20.0,82.0,499,,,,,,,,,,
415126,AIF005,딸기,금실,정식기,2021-09-03 09:58:13,1,0.0,22.0,79.0,419,173.0,21.1,,,,,,,,
414784,AIF005,딸기,금실,정식기,2021-09-02 16:57:52,1,0.0,23.0,89.0,420,117.0,24.7,,,,,,,,
415098,AIF005,딸기,금실,정식기,2021-09-03 09:57:24,1,0.0,22.0,79.0,418,169.0,21.1,,,,,,,,
417868,AIF005,딸기,금실,출뢰기,2021-09-13 07:46:51,1,0.0,22.0,83.0,489,,,,,,,,,,
418041,AIF005,딸기,금실,정식기,2021-09-14 15:46:51,1,0.0,23.0,74.0,412,,,,,,,,,,
415366,AIF005,딸기,금실,정식기,2021-09-04 15:46:51,1,0.0,31.0,48.0,393,246.0,29.4,,,,,,,,
415235,AIF005,딸기,금실,정식기,2021-09-03 15:46:51,1,0.0,24.0,77.0,408,145.0,24.4,,,,,,,,
414614,AIF005,딸기,금실,정식기,2021-08-28 14:46:51,1,0.0,40.0,32.0,373,302.0,31.7,,,,,,,,
415906,AIF005,딸기,금실,출뢰기,2021-09-10 17:46:51,1,0.0,26.0,63.0,432,,,,,,,,,,
415523,AIF005,딸기,금실,정식기,2021-09-06 09:46:51,1,0.0,24.0,69.0,419,173.0,22.3,,,,,,,,
414920,AIF005,딸기,금실,정식기,2021-09-03 09:52:16,1,0.0,22.0,79.0,417,153.0,21.0,,,,,,,,
415263,AIF005,딸기,금실,정식기,2021-09-04 07:46:51,1,0.0,22.0,76.0,459,109.0,20.2,,,,,,,,
415719,AIF005,딸기,금실,정식기,2021-09-08 14:46:51,1,,33.0,38.0,386,,,,,38.0,7.0,8.7,13.3,12.8,
412658,AIF005,딸기,금실,정식기,2021-10-11 07:31:56,1,0.0,22.0,89.0,465,,,,,,,,,,
415467,AIF005,딸기,금실,정식기,2021-09-05 13:46:51,1,0.0,25.0,67.0,408,161.0,26.0,,,,,,,,
415488,AIF005,딸기,금실,정식기,2021-09-05 16:46:51,1,0.0,24.0,75.0,410,129.0,24.7,,,,,,,,
417989,AIF005,딸기,금실,정식기,2021-09-14 08:46:51,1,0.0,23.0,81.0,437,,,,,,,,,,
414630,AIF005,딸기,금실,정식기,2021-08-28 16:46:51,1,0.0,31.0,55.0,391,121.0,,,,,,,,,
412588,AIF005,딸기,금실,정식기,2021-10-10 11:31:56,1,0.0,32.0,52.0,433,,,,,,,,,,
417613,AIF005,딸기,금실,정식기,2021-08-27 06:46:51,1,0.0,22.0,86.0,524,97.0,21.8,,,,,,,,
415760,AIF005,딸기,금실,정식기,2021-09-09 09:46:51,1,0.0,27.0,61.0,432,,,,,,,,,,
415696,AIF005,딸기,금실,정식기,2021-09-08 11:46:51,1,,30.0,52.0,409,,,,,43.0,6.0,9.7,12.9,14.9,
414608,AIF005,딸기,금실,정식기,2021-08-28 13:46:51,1,0.0,36.0,37.0,376,282.0,30.4,,,,,,,,
417701,AIF005,딸기,금실,출뢰기,2021-09-11 14:46:51,1,0.0,34.0,40.0,398,,,,,,,,,,
417862,AIF005,딸기,금실,정식기,2021-09-13 06:46:51,1,0.0,21.0,85.0,506,,,,,,,,,,
415148,AIF005,딸기,금실,정식기,2021-09-03 11:46:51,1,0.0,26.0,67.0,411,294.0,22.6,,,,,,,,
415878,AIF005,딸기,금실,출뢰기,2021-09-10 13:46:51,1,0.0,28.0,57.0,441,,,,,,,,,,
414020,AIF005,딸기,금실,정식기,2021-10-07 14:31:56,0,0.0,28.0,52.0,453,,,,,,,,,,
414382,AIF005,딸기,금실,정식기,2021-08-27 11:26:47,0,0.0,31.0,63.0,414,270.0,27.9,,,,,,,,
412770,AIF005,딸기,금실,정식기,2021-10-11 16:31:56,0,0.0,19.0,85.0,451,,,,,,,,,,
417957,AIF005,딸기,금실,출뢰기,2021-09-14 06:46:51,1,0.0,21.0,81.0,446,,,,,,,,,,
412635,AIF005,딸기,금실,정식기,2021-10-10 16:31:56,1,0.0,28.0,65.0,428,,,,,,,,,,
415236,AIF005,딸기,금실,정식기,2021-09-03 15:46:51,1,0.0,24.0,77.0,408,145.0,24.4,,,,,,,,
415710,AIF005,딸기,금실,정식기,2021-09-08 13:46:51,1,,32.0,43.0,393,,,,,43.0,6.0,9.7,12.9,14.9,
414681,AIF005,딸기,금실,정식기,2021-08-29 08:46:51,1,0.0,27.0,79.0,460,165.0,,,,,,,,,
34580,AIF005,딸기,금실,정식기,2021-08-26 15:46:51,1,0.0,36.0,41.0,415,173.0,33.6,,,,,,,,
415536,AIF005,딸기,금실,정식기,2021-09-06 11:46:51,1,0.0,27.0,68.0,409,250.0,24.0,,,,,,,,
415865,AIF005,딸기,금실,정식기,2021-09-10 11:46:51,1,0.0,24.0,75.0,452,,,,,,,,,,
418134,AIF005,딸기,금실,출뢰기,2021-09-15 11:46:51,1,,22.0,80.0,439,,,,,43.0,7.0,10.4,13.3,14.9,
415023,AIF005,딸기,금실,정식기,2021-09-03 09:55:18,1,0.0,22.0,79.0,420,157.0,21.0,,,,,,,,
415473,AIF005,딸기,금실,정식기,2021-09-05 14:46:51,1,0.0,24.0,72.0,412,161.0,25.5,,,,,,,,
415648,AIF005,딸기,금실,정식기,2021-09-07 16:46:51,1,0.0,25.0,81.0,424,,,,,,,,,,
418026,AIF005,딸기,금실,출뢰기,2021-09-14 13:46:51,1,0.0,23.0,77.0,408,,,,,,,,,,
414942,AIF005,딸기,금실,정식기,2021-09-03 09:53:34,1,0.0,22.0,79.0,418,153.0,21.0,,,,,,,,
414971,AIF005,딸기,금실,정식기,2021-09-03 09:54:00,1,0.0,22.0,79.0,421,161.0,21.0,,,,,,,,
415795,AIF005,딸기,금실,정식기,2021-09-09 13:46:51,1,0.0,33.0,42.0,380,,,,,,,,,,
415579,AIF005,딸기,금실,정식기,2021-09-06 17:46:51,1,0.0,24.0,80.0,416,101.0,25.2,,,,,,,,
415257,AIF005,딸기,금실,정식기,2021-09-04 06:46:51,1,0.0,21.0,77.0,462,101.0,19.5,,,,,,,,
415607,AIF005,딸기,금실,정식기,2021-09-07 09:46:51,1,0.0,23.0,78.0,440,,,,,,,,,,
420080,AIF005,딸기,금실,출뢰기,2021-09-11 08:46:51,1,0.0,23.0,78.0,472,,,,,,,,,,
415458,AIF005,딸기,금실,정식기,2021-09-05 12:46:51,1,0.0,27.0,61.0,410,218.0,26.0,,,,,,,,
415754,AIF005,딸기,금실,정식기,2021-09-09 08:46:51,1,0.0,26.0,67.0,459,,,,,,,,,,
415557,AIF005,딸기,금실,정식기,2021-09-06 14:46:51,1,0.0,27.0,68.0,415,198.0,25.6,,,,,,,,
414716,AIF005,딸기,금실,정식기,2021-08-29 12:46:51,1,0.0,31.0,63.0,390,177.0,,,,,,,,,
417839,AIF005,딸기,금실,정식기,2021-09-12 15:46:51,1,0.0,33.0,42.0,384,,,,,,,,,,
414779,AIF005,딸기,금실,정식기,2021-09-02 16:48:07,1,0.0,23.0,88.0,413,109.0,24.7,,,,,,,,
415445,AIF005,딸기,금실,정식기,2021-09-05 10:46:51,1,0.0,28.0,53.0,409,226.0,24.7,,,,,,,,
415675,AIF005,딸기,금실,정식기,2021-09-08 08:46:51,1,,24.0,82.0,471,,,,,43.0,6.0,9.7,12.9,14.9,
418047,AIF005,딸기,금실,출뢰기,2021-09-14 16:46:51,1,0.0,23.0,74.0,410,,,,,,,,,,
417998,AIF005,딸기,금실,출뢰기,2021-09-14 09:46:51,1,0.0,24.0,75.0,428,,,,,,,,,,
417614,AIF005,딸기,금실,정식기,2021-08-27 06:46:51,1,0.0,22.0,86.0,524,97.0,21.8,,,,,,,,
415081,AIF005,딸기,금실,정식기,2021-09-03 09:56:59,1,0.0,22.0,79.0,418,169.0,21.1,,,,,,,,
417680,AIF005,딸기,금실,정식기,2021-09-07 08:46:51,1,0.0,22.0,83.0,449,,,,,,,,,,
414755,AIF005,딸기,금실,정식기,2021-08-29 14:46:51,1,0.0,30.0,66.0,410,181.0,,,,,,,,,
414674,AIF005,딸기,금실,정식기,2021-08-29 07:46:51,1,0.0,25.0,84.0,519,101.0,,,,,,,,,
418138,AIF005,딸기,금실,출뢰기,2021-09-15 12:46:51,1,,22.0,80.0,439,,,,,43.0,7.0,10.4,13.3,14.9,
415886,AIF005,딸기,금실,정식기,2021-09-10 14:46:51,1,0.0,31.0,47.0,436,,,,,,,,,,
417911,AIF005,딸기,금실,정식기,2021-09-13 13:46:51,1,0.0,31.0,48.0,405,,,,,,,,,,
418164,AIF005,딸기,금실,정식기,2021-09-15 17:46:51,1,,22.0,80.0,439,,,,,26.5,7.0,9.0,12.0,12.0,
415073,AIF005,딸기,금실,정식기,2021-09-03 09:56:34,1,0.0,22.0,79.0,418,161.0,21.0,,,,,,,,
415423,AIF005,딸기,금실,정식기,2021-09-05 07:46:51,0,0.0,22.0,76.0,463,109.0,20.1,,,,,,,,
415613,AIF005,딸기,금실,정식기,2021-09-07 11:46:51,1,0.0,26.0,71.0,424,,,,,,,,,,
415097,AIF005,딸기,금실,정식기,2021-09-03 09:57:24,1,0.0,22.0,79.0,418,169.0,21.1,,,,,,,,
415248,AIF005,딸기,금실,정식기,2021-09-03 17:46:51,1,0.0,22.0,77.0,408,105.0,24.4,,,,,,,,
415502,AIF005,딸기,금실,정식기,2021-09-06 06:46:51,1,0.0,20.0,75.0,469,89.0,19.6,,,,,,,,
414635,AIF005,딸기,금실,정식기,2021-08-28 17:46:51,1,0.0,29.0,65.0,451,109.0,,,,,,,,,
414770,AIF005,딸기,금실,정식기,2021-09-02 16:44:03,1,0.0,23.0,88.0,418,109.0,24.7,,,,,,,,
414405,AIF005,딸기,금실,정식기,2021-08-27 11:46:51,1,0.0,34.0,54.0,406,379.0,28.4,,,,,,,,
415509,AIF005,딸기,금실,정식기,2021-09-06 07:46:51,1,0.0,22.0,76.0,464,101.0,20.1,,,,,,,,
417679,AIF005,딸기,금실,정식기,2021-09-07 08:46:51,1,0.0,22.0,83.0,449,,,,,,,,,,
415677,AIF005,딸기,금실,정식기,2021-09-08 08:46:51,1,,24.0,82.0,471,,,,,38.0,7.0,8.7,13.3,12.8,
415374,AIF005,딸기,금실,정식기,2021-09-04 17:46:51,1,0.0,27.0,60.0,414,121.0,28.8,,,,,,,,
414940,AIF005,딸기,금실,정식기,2021-09-03 09:53:34,1,0.0,22.0,79.0,418,153.0,21.0,,,,,,,,
415717,AIF005,딸기,금실,정식기,2021-09-08 14:46:51,1,,33.0,38.0,386,,,,,43.0,6.0,9.7,12.9,14.9,
415198,AIF005,딸기,금실,정식기,2021-09-03 14:46:51,1,0.0,24.0,76.0,404,161.0,24.4,,,,,,,,
414973,AIF005,딸기,금실,정식기,2021-09-03 09:54:00,1,0.0,22.0,79.0,421,161.0,21.0,,,,,,,,
412777,AIF005,딸기,금실,정식기,2021-10-11 17:31:56,1,0.0,19.0,87.0,452,,,,,,,,,,
415255,AIF005,딸기,금실,정식기,2021-09-04 06:46:51,1,0.0,21.0,77.0,462,101.0,19.5,,,,,,,,
415605,AIF005,딸기,금실,정식기,2021-09-07 09:46:51,1,0.0,23.0,78.0,440,,,,,,,,,,
415486,AIF005,딸기,금실,정식기,2021-09-05 16:46:51,1,0.0,24.0,75.0,410,129.0,24.7,,,,,,,,
412665,AIF005,딸기,금실,정식기,2021-10-11 08:31:56,1,0.0,22.0,87.0,461,,,,,,,,,,
415788,AIF005,딸기,금실,정식기,2021-09-09 12:46:51,1,0.0,32.0,45.0,392,,,,,,,,,,
414891,AIF005,딸기,금실,정식기,2021-09-03 09:45:28,1,0.0,23.0,77.0,416,165.0,20.9,,,,,,,,
414637,AIF005,딸기,금실,정식기,2021-08-28 17:46:51,1,0.0,29.0,65.0,451,109.0,,,,,,,,,
415500,AIF005,딸기,금실,정식기,2021-09-06 06:46:51,1,0.0,20.0,75.0,469,89.0,19.6,,,,,,,,
414772,AIF005,딸기,금실,정식기,2021-09-02 16:44:03,1,0.0,23.0,88.0,418,109.0,24.7,,,,,,,,
415146,AIF005,딸기,금실,정식기,2021-09-03 11:46:51,1,0.0,26.0,67.0,411,294.0,22.6,,,,,,,,
415460,AIF005,딸기,금실,정식기,2021-09-05 12:46:51,1,0.0,27.0,61.0,410,218.0,26.0,,,,,,,,
415668,AIF005,딸기,금실,정식기,2021-09-08 07:46:51,1,,21.0,90.0,506,,,,,43.0,6.0,9.7,12.9,14.9,
415634,AIF005,딸기,금실,정식기,2021-09-07 14:46:51,1,0.0,25.0,78.0,414,,,,,,,,,,
418006,AIF005,딸기,금실,정식기,2021-09-14 10:46:51,1,0.0,25.0,74.0,421,,,,,,,,,,
414676,AIF005,딸기,금실,정식기,2021-08-29 07:46:51,1,0.0,25.0,84.0,519,101.0,,,,,,,,,
414363,AIF005,딸기,금실,정식기,2021-10-09 17:31:56,1,0.0,30.0,54.0,422,,,,,,,,,,
417593,AIF005,딸기,금실,정식기,2021-08-26 17:46:51,1,0.0,33.0,48.0,408,121.0,34.1,,,,,,,,
418143,AIF005,딸기,금실,정식기,2021-09-15 13:46:51,1,,22.0,80.0,439,,,,,26.5,7.0,9.0,12.0,12.0,
415155,AIF005,딸기,금실,정식기,2021-09-03 12:46:51,1,0.0,24.0,74.0,407,161.0,23.6,,,,,,,,
414906,AIF005,딸기,금실,정식기,2021-09-03 09:46:26,1,0.0,23.0,77.0,416,165.0,20.9,,,,,,,,
415381,AIF005,딸기,금실,정식기,2021-09-05 06:46:51,1,0.0,20.0,76.0,465,93.0,19.7,,,,,,,,
415544,AIF005,딸기,금실,정식기,2021-09-06 12:46:51,1,0.0,28.0,58.0,412,278.0,24.8,,,,,,,,
414506,AIF005,딸기,금실,정식기,2021-08-27 17:46:51,1,0.0,30.0,69.0,408,133.0,31.5,,,,,,,,
415577,AIF005,딸기,금실,정식기,2021-09-06 17:46:51,1,0.0,24.0,80.0,416,101.0,25.2,,,,,,,,
415465,AIF005,딸기,금실,정식기,2021-09-05 13:46:51,1,0.0,25.0,67.0,408,161.0,26.0,,,,,,,,
415655,AIF005,딸기,금실,정식기,2021-09-07 17:46:51,1,0.0,25.0,85.0,432,,,,,,,,,,
417634,AIF005,딸기,금실,정식기,2021-08-27 09:46:51,1,0.0,28.0,71.0,492,290.0,24.2,,,,,,,,
414494,AIF005,딸기,금실,정식기,2021-08-27 16:46:51,1,0.0,30.0,64.0,399,133.0,33.0,,,,,,,,
417771,AIF005,딸기,금실,출뢰기,2021-09-12 09:46:51,1,0.0,28.0,59.0,451,,,,,,,,,,
414928,AIF005,딸기,금실,정식기,2021-09-03 09:52:42,1,0.0,22.0,79.0,417,153.0,21.0,,,,,,,,
415808,AIF005,딸기,금실,출뢰기,2021-09-09 15:46:51,1,0.0,32.0,39.0,393,,,,,,,,,,
414683,AIF005,딸기,금실,정식기,2021-08-29 08:46:51,1,0.0,27.0,79.0,460,165.0,,,,,,,,,
418040,AIF005,딸기,금실,출뢰기,2021-09-14 15:46:51,1,0.0,23.0,74.0,412,,,,,,,,,,
417869,AIF005,딸기,금실,정식기,2021-09-13 07:46:51,1,0.0,22.0,83.0,489,,,,,,,,,,
415495,AIF005,딸기,금실,정식기,2021-09-05 17:46:51,1,0.0,23.0,70.0,417,105.0,24.7,,,,,,,,
417931,AIF005,딸기,금실,출뢰기,2021-09-13 16:46:51,1,0.0,28.0,53.0,417,,,,,,,,,,
415250,AIF005,딸기,금실,정식기,2021-09-03 17:46:51,1,0.0,22.0,77.0,408,105.0,24.4,,,,,,,,
412595,AIF005,딸기,금실,정식기,2021-10-10 12:31:56,1,0.0,33.0,46.0,426,,,,,,,,,,
415907,AIF005,딸기,금실,정식기,2021-09-10 17:46:51,1,0.0,26.0,63.0,432,,,,,,,,,,
417890,AIF005,딸기,금실,정식기,2021-09-13 10:46:51,1,0.0,29.0,51.0,417,,,,,,,,,,
415234,AIF005,딸기,금실,정식기,2021-09-03 15:46:51,1,0.0,24.0,77.0,408,145.0,24.4,,,,,,,,
417988,AIF005,딸기,금실,출뢰기,2021-09-14 08:46:51,1,0.0,23.0,81.0,437,,,,,,,,,,
414643,AIF005,딸기,금실,정식기,2021-08-28 18:46:51,1,0.0,28.0,71.0,433,81.0,,,,,,,,,
34579,AIF005,딸기,금실,정식기,2021-08-26 15:46:51,1,0.0,36.0,41.0,415,173.0,33.6,,,,,,,,
415262,AIF005,딸기,금실,정식기,2021-09-04 07:46:51,1,0.0,22.0,76.0,459,109.0,20.2,,,,,,,,
417875,AIF005,딸기,금실,출뢰기,2021-09-13 08:46:51,1,0.0,25.0,73.0,456,,,,,,,,,,
414786,AIF005,딸기,금실,정식기,2021-09-02 16:57:52,1,0.0,23.0,89.0,420,117.0,24.7,,,,,,,,
415802,AIF005,딸기,금실,정식기,2021-09-09 14:46:51,1,0.0,31.0,46.0,395,,,,,,,,,,
412701,AIF005,딸기,금실,정식기,2021-10-11 11:31:56,1,0.0,21.0,82.0,453,,,,,,,,,,
415697,AIF005,딸기,금실,정식기,2021-09-08 11:46:51,1,,30.0,52.0,409,,,,,37.5,7.0,9.0,12.6,11.4,
415705,AIF005,딸기,금실,정식기,2021-09-08 12:46:51,1,,31.0,44.0,396,,,,,38.0,7.0,8.7,13.3,12.8,
412869,AIF005,딸기,금실,정식기,2021-10-07 12:31:56,0,0.0,29.0,47.0,428,,,,,,,,,,
415586,AIF005,딸기,금실,정식기,2021-09-07 06:46:51,1,0.0,21.0,89.0,466,,,,,,,,,,
412756,AIF005,딸기,금실,정식기,2021-10-11 14:31:56,1,0.0,20.0,81.0,442,,,,,,,,,,
414878,AIF005,딸기,금실,정식기,2021-09-03 09:44:37,1,0.0,23.0,77.0,415,165.0,20.9,,,,,,,,
414696,AIF005,딸기,금실,정식기,2021-08-29 10:46:51,1,0.0,30.0,68.0,400,177.0,,,,,,,,,
414383,AIF005,딸기,금실,정식기,2021-08-27 11:26:47,1,0.0,31.0,63.0,414,270.0,27.9,,,,,,,,
415438,AIF005,딸기,금실,정식기,2021-09-05 09:46:51,1,0.0,28.0,53.0,414,274.0,22.9,,,,,,,,
415592,AIF005,딸기,금실,정식기,2021-09-07 07:46:51,1,0.0,21.0,89.0,466,,,,,,,,,,
412687,AIF005,딸기,금실,정식기,2021-10-11 09:31:56,1,0.0,21.0,84.0,458,,,,,,,,,,
415711,AIF005,딸기,금실,정식기,2021-09-08 13:46:51,1,,32.0,43.0,393,,,,,37.5,7.0,9.0,12.6,11.4,
415521,AIF005,딸기,금실,정식기,2021-09-06 09:46:51,1,0.0,24.0,69.0,419,173.0,22.3,,,,,,,,
415480,AIF005,딸기,금실,정식기,2021-09-05 15:46:51,1,0.0,24.0,74.0,411,153.0,25.0,,,,,,,,
420371,AIF005,딸기,금실,정식기,2021-09-03 09:43:46,1,0.0,23.0,78.0,418,165.0,20.9,,,,,,,,
415316,AIF005,딸기,금실,정식기,2021-09-04 13:46:51,1,0.0,32.0,44.0,377,673.0,28.4,,,,,,,,
414704,AIF005,딸기,금실,정식기,2021-08-29 11:46:51,1,0.0,33.0,58.0,385,758.0,,,,,,,,,
414792,AIF005,딸기,금실,정식기,2021-09-02 17:03:07,1,0.0,23.0,88.0,426,117.0,24.6,,,,,,,,
417628,AIF005,딸기,금실,정식기,2021-08-27 08:46:51,1,0.0,25.0,80.0,507,141.0,23.0,,,,,,,,
418027,AIF005,딸기,금실,정식기,2021-09-14 13:46:51,1,0.0,23.0,77.0,408,,,,,,,,,,
414849,AIF005,딸기,금실,정식기,2021-09-02 17:27:33,1,0.0,23.0,88.0,416,101.0,24.4,,,,,,,,
418135,AIF005,딸기,금실,정식기,2021-09-15 11:46:51,1,,22.0,80.0,439,,,,,26.5,7.0,9.0,12.0,12.0,
415472,AIF005,딸기,금실,정식기,2021-09-05 14:46:51,1,0.0,24.0,72.0,412,161.0,25.5,,,,,,,,
415022,AIF005,딸기,금실,정식기,2021-09-03 09:55:18,1,0.0,22.0,79.0,420,157.0,21.0,,,,,,,,
414927,AIF005,딸기,금실,정식기,2021-09-03 09:52:42,1,0.0,22.0,79.0,417,153.0,21.0,,,,,,,,
420081,AIF005,딸기,금실,정식기,2021-09-11 08:46:51,1,0.0,23.0,78.0,472,,,,,,,,,,
415459,AIF005,딸기,금실,정식기,2021-09-05 12:46:51,1,0.0,27.0,61.0,410,218.0,26.0,,,,,,,,
415662,AIF005,딸기,금실,정식기,2021-09-08 06:46:51,1,,21.0,92.0,508,,,,,37.5,7.0,9.0,12.6,11.4,
417896,AIF005,딸기,금실,출뢰기,2021-09-13 11:46:51,1,0.0,30.0,50.0,414,,,,,,,,,,
414765,AIF005,딸기,금실,정식기,2021-09-02 16:33:25,1,0.0,23.0,88.0,412,109.0,24.8,,,,,,,,
415794,AIF005,딸기,금실,출뢰기,2021-09-09 13:46:51,1,0.0,33.0,42.0,380,,,,,,,,,,
417999,AIF005,딸기,금실,정식기,2021-09-14 09:46:51,1,0.0,24.0,75.0,428,,,,,,,,,,
415556,AIF005,딸기,금실,정식기,2021-09-06 14:46:51,1,0.0,27.0,68.0,415,198.0,25.6,,,,,,,,
415420,AIF005,딸기,금실,정식기,2021-09-04 08:46:51,1,0.0,24.0,70.0,423,226.0,21.2,,,,,,,,
415565,AIF005,딸기,금실,정식기,2021-09-06 15:46:51,1,0.0,25.0,76.0,411,137.0,25.6,,,,,,,,
414675,AIF005,딸기,금실,정식기,2021-08-29 07:46:51,1,0.0,25.0,84.0,519,101.0,,,,,,,,,
417814,AIF005,딸기,금실,출뢰기,2021-09-12 13:46:51,1,0.0,34.0,46.0,391,,,,,,,,,,
415829,AIF005,딸기,금실,출뢰기,2021-09-10 06:46:51,1,0.0,20.0,83.0,514,,,,,,,,,,
415080,AIF005,딸기,금실,정식기,2021-09-03 09:56:59,1,0.0,22.0,79.0,418,169.0,21.1,,,,,,,,
414837,AIF005,딸기,금실,정식기,2021-09-02 17:10:56,1,0.0,23.0,88.0,421,109.0,24.6,,,,,,,,
414564,AIF005,딸기,금실,정식기,2021-08-28 08:46:51,1,0.0,26.0,74.0,446,214.0,24.2,,,,,,,,
417848,AIF005,딸기,금실,정식기,2021-09-12 16:46:51,1,0.0,31.0,49.0,399,,,,,,,,,,
415096,AIF005,딸기,금실,정식기,2021-09-03 09:57:24,1,0.0,22.0,79.0,418,169.0,21.1,,,,,,,,
415249,AIF005,딸기,금실,정식기,2021-09-03 17:46:51,1,0.0,22.0,77.0,408,105.0,24.4,,,,,,,,
414771,AIF005,딸기,금실,정식기,2021-09-02 16:44:03,1,0.0,23.0,88.0,418,109.0,24.7,,,,,,,,
418077,AIF005,딸기,금실,출뢰기,2021-09-15 06:46:51,1,,22.0,80.0,439,,,,,43.0,7.0,10.4,13.3,14.9,
415733,AIF005,딸기,금실,정식기,2021-09-08 17:46:51,1,,30.0,52.0,403,,,,,38.0,7.0,8.7,13.3,12.8,
414404,AIF005,딸기,금실,정식기,2021-08-27 11:46:51,1,0.0,34.0,54.0,406,379.0,28.4,,,,,,,,
414067,AIF005,딸기,금실,정식기,2021-10-08 07:31:56,1,0.0,20.0,88.0,499,,,,,,,,,,
417910,AIF005,딸기,금실,출뢰기,2021-09-13 13:46:51,1,0.0,31.0,48.0,405,,,,,,,,,,
412737,AIF005,딸기,금실,정식기,2021-10-11 12:31:56,1,0.0,21.0,81.0,442,,,,,,,,,,
418139,AIF005,딸기,금실,정식기,2021-09-15 12:46:51,1,,22.0,80.0,439,,,,,26.5,7.0,9.0,12.0,12.0,
415612,AIF005,딸기,금실,정식기,2021-09-07 11:46:51,1,0.0,26.0,71.0,424,,,,,,,,,,
417785,AIF005,딸기,금실,출뢰기,2021-09-12 11:46:51,1,0.0,31.0,52.0,402,,,,,,,,,,
418165,AIF005,딸기,금실,출뢰기,2021-09-15 17:46:51,1,,22.0,80.0,439,,,,,43.0,7.0,10.4,13.3,14.9,
415621,AIF005,딸기,금실,정식기,2021-09-07 12:46:51,1,0.0,24.0,79.0,421,,,,,,,,,,
